Date,Open,High,Low,Close,Adj Close,Volume,SMA 5.0,SMA 10.0,SMA 20.0,SMA 30.0,SMA 50.0,SMA 100.0,SMA 200.0,EMA 5.0,EMA 12.0,EMA 26.0,EMA 30.0,EMA 50.0,EMA 100.0,EMA 200.0,RSI 7.0,RSI 14.0,RSI 28.0,MACD 265,MACD Signal 5265,MACD Signal 9265,MACD 2612,MACD Signal 52612,MACD Signal 92612,MACD 355,MACD Signal 5355,MACD Signal 9355,MACD 3512,MACD Signal 53512,MACD Signal 93512,SO 7,%D 3-7,SO 14,%D 3-14,SO 28,%D 3-28
2020-03-23,137.00999450683594,140.57000732421875,132.52000427246094,135.97999572753906,134.61207580566406,78975200,140.6,145.09,154.78,164.36,166.38,159.07,148.11,139.99,146.8,155.71,157.09,159.95,157.61,148.69,37.62,39.24,41.78,-15.72,-14.76,-13.28,-8.91,-8.01,-6.88,-18.34,-16.84,-14.8,-11.53,-10.08,-8.4,11.77,16.38,9.02,11.39,6.22,8.09
2020-03-24,143.75,149.60000610351562,141.27000427246094,148.33999633789062,146.84771728515625,82516700,140.96,143.83,153.79,163.02,166.12,159.13,148.2,142.77,147.04,155.16,156.53,159.49,157.43,148.69,50.55,46.34,46.31,-12.39,-13.97,-13.1,-8.12,-8.05,-7.13,-15.0,-16.23,-14.84,-10.73,-10.3,-8.87,89.73,36.74,41.25,18.71,28.42,12.95
2020-03-25,148.91000366210938,154.3300018310547,144.44000244140625,146.9199981689453,145.4420166015625,75638200,142.26,143.16,152.63,161.77,165.79,159.15,148.27,144.16,147.02,154.55,155.91,159.0,157.22,148.67,49.19,45.68,45.89,-10.39,-12.78,-12.56,-7.53,-7.87,-7.21,-13.01,-15.15,-14.47,-10.15,-10.25,-9.12,66.02,55.84,47.07,32.45,25.87,20.17
2020-03-26,148.39999389648438,156.66000366210938,148.3699951171875,156.11000061035156,154.53956604003906,64568100,144.94,144.86,152.53,160.81,165.67,159.28,148.39,148.14,148.42,154.67,155.92,158.89,157.2,148.74,57.8,50.58,49.03,-6.53,-10.7,-11.35,-6.25,-7.33,-7.02,-8.97,-13.09,-13.37,-8.69,-9.73,-9.04,97.72,84.49,80.27,56.2,42.38,32.22
2020-03-27,151.75,154.88999938964844,149.1999969482422,149.6999969482422,148.1940460205078,57042300,147.41,143.95,151.91,159.68,165.4,159.34,148.48,148.66,148.61,154.3,155.52,158.53,157.05,148.75,50.79,47.37,47.05,-5.64,-9.01,-10.21,-5.69,-6.79,-6.75,-8.04,-11.41,-12.31,-8.09,-9.18,-8.85,71.17,78.3,58.46,61.93,30.87,33.04
2020-03-30,152.44000244140625,160.60000610351562,150.00999450683594,160.22999572753906,158.6181182861328,63420300,152.26,146.43,151.28,158.84,165.28,159.5,148.62,152.52,150.4,154.74,155.82,158.59,157.11,148.87,60.07,52.69,50.45,-2.22,-6.75,-8.61,-4.34,-5.97,-6.27,-4.38,-9.07,-10.72,-6.5,-8.29,-8.38,98.68,89.19,94.28,77.67,50.63,41.29
2020-03-31,159.39999389648438,164.77999877929688,156.55999755859375,157.7100067138672,156.12347412109375,77927200,154.13,147.55,150.94,157.86,165.09,159.63,148.75,154.25,151.53,154.96,155.94,158.56,157.12,148.95,57.07,51.35,49.66,-0.71,-4.73,-7.03,-3.43,-5.12,-5.7,-2.69,-6.94,-9.12,-5.41,-7.33,-7.78,78.08,82.64,78.08,76.94,49.41,43.64
2020-04-01,153.0,157.75,150.82000732421875,152.11000061035156,150.57980346679688,57969900,155.17,148.72,150.02,156.69,164.8,159.71,148.84,153.54,151.62,154.75,155.7,158.31,157.02,148.99,50.52,48.41,47.93,-1.21,-3.56,-5.87,-3.13,-4.46,-5.19,-3.13,-5.67,-7.92,-5.05,-6.57,-7.24,46.11,74.29,60.73,77.7,46.12,48.72
2020-04-02,151.86000061035156,155.47999572753906,150.36000061035156,155.25999450683594,153.6981201171875,49630700,155.0,149.97,149.47,155.72,164.6,159.82,148.94,154.11,152.18,154.78,155.67,158.19,156.99,149.05,53.98,50.14,48.97,-0.67,-2.6,-4.83,-2.6,-3.84,-4.67,-2.49,-4.61,-6.83,-4.42,-5.85,-6.67,53.2,59.13,70.49,69.77,53.53,49.69
2020-04-03,155.10000610351562,157.3800048828125,152.19000244140625,153.8300018310547,152.28250122070312,41243300,155.83,151.62,149.08,154.89,164.34,159.9,149.04,154.02,152.43,154.71,155.55,158.02,156.93,149.1,52.05,49.33,48.51,-0.69,-1.96,-4.0,-2.28,-3.32,-4.19,-2.42,-3.88,-5.95,-4.01,-5.24,-6.14,33.27,44.19,66.06,65.76,50.16,49.94
2020-04-06,160.32000732421875,166.5,157.5800018310547,165.27000427246094,163.607421875,67111700,156.84,154.55,149.82,154.7,164.34,160.09,149.18,157.77,154.41,155.5,156.18,158.3,157.09,149.26,64.05,55.51,52.2,2.27,-0.55,-2.75,-1.09,-2.58,-3.57,0.84,-2.31,-4.59,-2.52,-4.33,-5.42,92.89,59.79,96.38,77.64,77.1,60.26
2020-04-07,169.58999633789062,170.0,163.25999450683594,163.49000549316406,161.84532165527344,62769000,157.99,156.06,149.95,154.55,164.37,160.25,149.31,159.68,155.8,156.09,156.65,158.5,157.22,149.4,61.27,54.4,51.61,3.59,0.83,-1.48,-0.29,-1.81,-2.92,2.38,-0.74,-3.2,-1.5,-3.39,-4.63,67.43,64.53,82.63,81.69,72.9,66.72
2020-04-08,165.6699981689453,166.6699981689453,163.5,165.1300048828125,163.46881103515625,48318200,160.6,157.88,150.52,154.38,164.36,160.43,149.45,161.49,157.24,156.76,157.2,158.76,157.38,149.55,63.0,55.29,52.13,4.73,2.13,-0.24,0.48,-1.05,-2.24,3.76,0.76,-1.81,-0.49,-2.42,-3.8,75.2,78.51,87.01,88.67,76.77,75.59
2020-04-09,166.36000061035156,167.3699951171875,163.3300018310547,165.13999938964844,163.47872924804688,51431800,162.57,158.79,151.83,154.61,164.3,160.6,149.6,162.71,158.45,157.38,157.71,159.01,157.53,149.71,63.01,55.3,52.13,5.33,3.2,0.88,1.07,-0.34,-1.57,4.57,2.03,-0.53,0.31,-1.51,-2.98,75.25,72.63,87.03,85.56,76.79,75.49
2020-04-13,164.35000610351562,165.57000732421875,162.3000030517578,165.50999450683594,163.844970703125,41905300,164.91,160.37,152.16,154.73,164.16,160.76,149.76,163.64,159.54,157.98,158.21,159.27,157.69,149.87,63.51,55.52,52.26,5.66,4.02,1.83,1.56,0.29,-0.95,5.09,3.05,0.59,0.99,-0.68,-2.19,77.14,75.86,84.37,86.14,86.02,79.86
2020-04-14,169.0,173.75,168.0,173.6999969482422,171.95260620117188,52874300,166.59,161.72,154.07,154.76,164.23,160.99,149.96,167.0,161.72,159.15,159.21,159.83,158.0,150.1,72.95,60.32,54.96,7.85,5.3,3.04,2.57,1.05,-0.24,7.61,4.57,2.0,2.33,0.32,-1.28,99.77,84.05,99.83,90.41,99.88,87.56
2020-04-15,171.1999969482422,173.57000732421875,169.24000549316406,171.8800048828125,170.15093994140625,40940800,168.27,163.13,155.34,155.01,164.18,161.21,150.15,168.62,163.28,160.09,160.03,160.31,158.28,150.32,68.36,58.8,54.25,8.53,6.37,4.14,3.19,1.76,0.44,8.53,5.89,3.3,3.19,1.28,-0.39,88.44,88.45,92.63,92.28,95.46,93.79
2020-04-16,174.3000030517578,177.27999877929688,172.89999389648438,177.0399932861328,175.25900268554688,50479600,170.65,165.62,157.17,155.22,164.11,161.48,150.36,171.43,165.4,161.34,161.13,160.96,158.65,150.59,73.81,61.74,55.92,10.09,7.61,5.33,4.06,2.53,1.17,10.4,7.39,4.72,4.37,2.31,0.56,98.4,95.54,99.15,97.2,99.46,98.27
2020-04-17,179.5,180.0,175.8699951171875,178.60000610351562,176.80331420898438,52765600,173.35,167.96,158.96,155.63,164.09,161.77,150.57,173.82,167.43,162.62,162.25,161.65,159.05,150.86,75.31,62.61,56.42,11.2,8.81,6.5,4.81,3.29,1.89,11.81,8.87,6.14,5.42,3.35,1.53,92.09,92.98,95.33,95.7,97.05,97.32
2020-04-20,176.6300048828125,178.75,174.99000549316406,175.05999755859375,173.29893493652344,36669600,175.26,170.08,160.85,156.08,163.92,162.03,150.75,174.23,168.6,163.54,163.08,162.18,159.36,151.11,65.4,59.32,54.96,10.69,9.44,7.34,5.06,3.88,2.53,11.5,9.74,7.21,5.87,4.19,2.4,72.09,87.53,83.33,92.6,89.6,95.37
2020-04-21,173.5,173.6699981689453,166.11000061035156,167.82000732421875,166.1317596435547,56203700,174.08,170.34,162.44,156.66,163.6,162.19,150.91,172.1,168.48,163.86,163.39,162.4,159.53,151.27,49.77,53.16,52.09,8.24,9.04,7.52,4.62,4.13,2.95,9.09,9.53,7.59,5.47,4.62,3.02,31.19,65.12,58.91,79.19,74.35,87.0
2020-04-22,171.38999938964844,174.0,170.82000732421875,173.52000427246094,171.77442932128906,34651600,174.41,171.34,163.7,157.08,163.29,162.41,151.09,172.57,169.26,164.58,164.04,162.84,159.81,151.49,58.81,56.95,54.05,7.99,8.69,7.61,4.68,4.31,3.29,8.97,9.34,7.86,5.66,4.96,3.54,53.35,52.21,78.14,73.46,86.35,83.43
2020-04-23,174.11000061035156,175.05999755859375,170.91000366210938,171.4199981689453,169.695556640625,32790800,173.28,171.97,164.93,157.67,163.03,162.6,151.27,172.19,169.59,165.08,164.52,163.17,160.04,151.69,54.59,55.18,53.22,7.11,8.16,7.51,4.51,4.38,3.54,8.16,8.95,7.92,5.56,5.16,3.95,38.23,40.92,69.15,68.73,81.93,80.88
2020-04-24,172.05999755859375,174.55999755859375,170.7100067138672,174.5500030517578,172.7940673828125,34305300,172.47,172.91,165.85,158.85,162.83,162.83,151.45,172.97,170.35,165.78,165.16,163.62,160.32,151.92,59.63,57.31,54.3,7.19,7.84,7.45,4.57,4.44,3.74,8.35,8.75,8.01,5.73,5.35,4.3,60.76,50.78,75.69,74.33,88.52,85.6
2020-04-27,176.58999633789062,176.89999389648438,173.3000030517578,174.0500030517578,172.29910278320312,33194400,172.27,173.76,167.07,159.36,162.64,163.07,151.63,173.33,170.92,166.4,165.74,164.03,160.6,152.14,58.42,56.85,54.1,6.93,7.54,7.34,4.52,4.47,3.9,8.19,8.56,8.04,5.78,5.49,4.6,57.16,52.05,66.38,70.41,87.47,85.97
2020-04-28,175.58999633789062,175.6699981689453,169.38999938964844,169.80999755859375,168.1017303466797,34392700,172.67,173.37,167.55,160.51,162.32,163.28,151.78,172.16,170.75,166.65,166.0,164.26,160.78,152.32,48.66,52.93,52.33,5.51,6.86,6.98,4.1,4.35,3.94,6.76,7.96,7.79,5.35,5.45,4.75,29.27,49.06,42.43,61.5,78.54,84.84
2020-04-29,173.22000122070312,177.67999267578125,171.8800048828125,177.42999267578125,175.64508056640625,51286600,173.45,173.93,168.53,161.54,162.13,163.56,151.98,173.92,171.78,167.45,166.74,164.77,161.11,152.57,61.98,58.47,55.06,6.47,6.73,6.88,4.33,4.34,4.02,7.85,7.92,7.8,5.71,5.53,4.94,97.84,61.42,85.48,64.76,94.59,86.87
2020-04-30,180.0,180.3999938964844,176.22999572753906,179.2100067138672,177.40719604492188,53875900,175.01,174.15,169.89,162.83,161.97,163.85,152.19,175.68,172.92,168.32,167.54,165.34,161.47,152.83,64.49,59.66,55.68,7.36,6.94,6.97,4.6,4.43,4.13,8.88,8.24,8.02,6.12,5.73,5.18,89.19,72.1,93.43,73.78,97.51,90.21
2020-05-01,175.8000030517578,178.63999938964844,174.00999450683594,174.57000732421875,172.81385803222656,39370500,175.01,173.74,170.85,163.89,161.77,164.08,152.38,175.31,173.18,168.78,167.99,165.7,161.73,153.05,53.71,55.21,53.69,6.53,6.8,6.88,4.4,4.42,4.19,8.08,8.19,8.03,5.95,5.8,5.33,47.05,78.03,59.2,79.37,85.1,92.4
2020-05-04,174.49000549316406,179.0,173.8000030517578,178.83999633789062,177.0408935546875,30372900,175.97,174.12,172.1,165.27,161.78,164.35,152.59,176.49,174.05,169.53,168.69,166.22,162.07,153.3,60.75,58.29,55.21,6.96,6.86,6.9,4.52,4.45,4.25,8.62,8.33,8.15,6.18,5.93,5.5,85.83,74.02,89.08,80.57,95.66,92.76
2020-05-05,180.6199951171875,183.6499938964844,179.89999389648438,180.759994506836,178.94158935546875,36839200,178.16,175.42,172.88,166.77,161.97,164.65,152.81,177.91,175.08,170.36,169.47,166.79,162.44,153.58,63.65,59.64,55.89,7.55,7.09,7.03,4.72,4.54,4.35,9.32,8.66,8.38,6.49,6.12,5.7,79.73,70.87,83.52,77.27,91.81,90.86
2020-05-06,182.0800018310547,184.1999969482422,181.6300048828125,182.5399932861328,180.70367431640625,32139300,179.18,176.32,173.83,167.91,162.26,164.96,153.03,179.45,176.23,171.26,170.32,167.4,162.83,153.86,66.34,60.9,56.52,8.19,7.45,7.26,4.97,4.68,4.47,10.08,9.13,8.72,6.86,6.36,5.93,88.79,84.78,90.82,87.81,95.26,94.24
2020-05-07,184.1699981689453,184.5500030517578,182.5800018310547,183.6000061035156,181.7530212402344,28316000,180.06,177.54,174.75,169.13,162.53,165.26,153.25,180.84,177.36,172.18,171.17,168.04,163.25,154.16,67.99,61.67,56.9,8.66,7.86,7.54,5.18,4.85,4.61,10.68,9.65,9.11,7.2,6.64,6.19,92.5,87.01,94.85,89.73,97.25,94.77
2020-05-08,184.97999572753903,185.0,183.3600006103516,184.67999267578125,182.8221435546875,30912600,182.08,178.55,175.73,170.08,163.06,165.56,153.47,182.12,178.49,173.1,172.04,168.69,163.67,154.46,69.75,62.48,57.3,9.02,8.24,7.84,5.39,5.03,4.77,11.16,10.15,9.52,7.53,6.94,6.45,97.14,92.81,98.31,94.66,99.08,97.2
2020-05-11,183.1499938964844,187.509994506836,182.8500061035156,186.7400054931641,184.86143493652344,30892700,183.66,179.82,176.79,171.32,163.56,165.87,153.7,183.66,179.76,174.11,172.99,169.4,164.13,154.79,73.05,64.04,58.06,9.55,8.68,8.18,5.65,5.24,4.94,11.82,10.71,9.98,7.92,7.27,6.75,94.38,94.67,95.75,96.3,97.93,98.09
2020-05-12,186.8000030517578,187.0399932861328,182.3000030517578,182.509994506836,180.6739654541016,32038200,184.01,181.09,177.23,172.06,163.75,166.15,153.91,183.28,180.18,174.73,173.61,169.91,164.49,155.06,57.92,58.65,55.94,8.55,8.64,8.25,5.45,5.31,5.05,10.85,10.76,10.16,7.75,7.43,6.95,63.53,85.02,72.41,88.82,86.54,94.52
2020-05-13,182.5500030517578,184.0500030517578,176.5399932861328,179.75,177.94174194335938,44711500,183.46,181.32,177.62,172.79,164.05,166.4,154.1,182.1,180.11,175.11,174.0,170.3,164.79,155.31,50.04,55.38,54.59,6.99,8.09,8.0,5.0,5.21,5.04,9.26,10.26,9.98,7.27,7.37,7.01,29.26,62.39,57.17,75.11,78.03,87.5
2020-05-14,177.5399932861328,180.69000244140625,175.67999267578125,180.52999877929688,178.71389770507812,41873900,182.84,181.45,177.8,173.74,164.25,166.65,154.3,181.58,180.18,175.51,174.42,170.7,165.1,155.56,52.18,56.12,54.91,6.07,7.42,7.61,4.67,5.03,4.96,8.31,9.61,9.64,6.91,7.22,6.99,41.0,44.6,61.48,63.69,76.68,80.42
2020-05-15,179.05999755859375,187.0599975585937,177.0,183.1600036621093,181.3174285888672,46610400,182.54,182.31,178.03,174.67,164.59,166.91,154.54,182.1,180.64,176.07,174.99,171.19,165.46,155.83,59.1,58.63,55.99,6.03,6.95,7.3,4.57,4.87,4.88,8.28,9.17,9.37,6.82,7.09,6.96,63.23,44.5,75.99,64.88,82.74,79.15
2020-05-18,185.75,186.1999969482422,183.9600067138672,184.9100036621093,183.0498504638672,35306600,182.17,182.92,178.52,175.71,165.06,167.19,154.77,183.04,181.29,176.73,175.63,171.73,165.85,156.12,63.22,60.26,56.7,6.31,6.74,7.1,4.56,4.77,4.82,8.61,8.98,9.22,6.86,7.01,6.94,78.02,60.75,83.37,73.61,89.69,83.04
2020-05-19,185.02999877929688,186.6000061035156,183.4900054931641,183.6300048828125,181.78273010253903,26799100,182.4,183.21,179.31,176.32,165.72,167.45,155.01,183.24,181.65,177.24,176.14,172.19,166.2,156.4,58.21,58.45,56.01,6.0,6.49,6.88,4.41,4.65,4.74,8.3,8.75,9.03,6.71,6.91,6.89,67.2,69.48,71.7,77.02,84.61,85.68
2020-05-20,184.8099975585937,185.8500061035156,183.94000244140625,185.6600036621093,184.30416870117188,31261300,183.58,183.52,179.92,177.06,166.21,167.72,155.27,184.04,182.27,177.86,176.76,172.72,166.58,156.69,63.56,60.48,56.88,6.18,6.39,6.74,4.41,4.57,4.67,8.5,8.67,8.93,6.73,6.85,6.86,87.7,77.64,86.51,80.53,92.66,88.99
2020-05-21,185.3999938964844,186.6699981689453,183.2899932861328,183.42999267578125,182.0904541015625,29119500,184.16,183.5,180.52,177.67,166.81,167.96,155.52,183.84,182.45,178.28,177.19,173.14,166.92,156.95,54.61,57.17,55.63,5.56,6.11,6.5,4.17,4.44,4.57,7.86,8.4,8.71,6.47,6.72,6.78,68.1,74.33,70.24,76.15,80.93,86.07
2020-05-22,183.19000244140625,184.4600067138672,182.5399932861328,183.509994506836,182.1698608398437,20826900,184.23,183.38,180.97,178.28,167.7,168.22,155.76,183.73,182.61,178.66,177.6,173.55,167.25,157.22,54.87,57.26,55.67,5.07,5.76,6.22,3.95,4.27,4.45,7.33,8.04,8.44,6.21,6.55,6.67,68.8,74.87,66.19,74.31,81.31,84.97
2020-05-26,186.33999633789065,186.5,181.1000061035156,181.57000732421875,180.2440490722656,36073600,183.56,182.87,181.34,178.82,168.15,168.46,155.97,183.01,182.45,178.88,177.85,173.86,167.53,157.46,47.07,54.28,54.55,4.13,5.22,5.8,3.57,4.04,4.27,6.33,7.47,8.02,5.77,6.29,6.49,45.43,60.78,49.79,62.07,72.24,78.16
2020-05-27,180.1999969482422,181.9900054931641,176.60000610351562,181.8099975585937,180.48228454589844,39517100,183.2,182.8,181.94,179.09,169.08,168.67,156.19,182.61,182.35,179.1,178.11,174.17,167.81,157.7,48.13,54.59,54.67,3.51,4.65,5.34,3.25,3.78,4.07,5.64,6.86,7.54,5.38,5.99,6.27,51.74,55.32,51.82,55.93,73.36,75.64
2020-05-28,180.7400054931641,184.1499938964844,180.3800048828125,181.3999938964844,180.0752716064453,33810200,182.34,182.96,182.14,179.4,169.78,168.9,156.42,182.21,182.21,179.27,178.32,174.46,168.08,157.94,46.28,53.91,54.42,2.94,4.08,4.86,2.94,3.5,3.84,5.0,6.24,7.03,5.0,5.66,6.01,47.67,48.28,48.35,49.99,71.45,72.35
2020-05-29,182.72999572753903,184.2700042724609,180.4100036621093,183.25,181.91177368164065,42146700,182.31,183.23,182.34,179.61,170.63,169.14,156.64,182.55,182.37,179.56,178.64,174.8,168.38,158.19,55.34,56.55,55.36,2.99,3.72,4.49,2.81,3.27,3.64,5.0,5.83,6.63,4.82,5.38,5.77,66.04,55.15,63.99,54.72,80.09,74.97
2020-06-01,182.5399932861328,183.0,181.4600067138672,182.8300018310547,181.49484252929688,22622400,182.17,183.2,182.76,179.75,171.44,169.4,156.89,182.65,182.44,179.8,178.91,175.12,168.67,158.43,52.97,55.77,55.1,2.85,3.43,4.16,2.64,3.06,3.44,4.81,5.49,6.26,4.6,5.12,5.54,61.87,58.53,62.83,58.39,74.17,75.24
2020-06-02,184.25,185.0,181.3500061035156,184.9100036621093,183.5596466064453,30794600,182.84,183.2,183.06,180.08,172.39,169.64,157.15,183.4,182.82,180.18,179.3,175.5,168.99,158.7,62.29,58.81,56.19,3.22,3.36,3.97,2.64,2.92,3.28,5.16,5.38,6.04,4.58,4.94,5.35,83.94,70.62,81.11,69.31,85.65,79.97
2020-06-03,184.82000732421875,185.94000244140625,183.5800018310547,185.3600006103516,184.00637817382807,27311000,183.55,183.37,183.29,180.66,173.38,169.88,157.39,184.05,183.21,180.57,179.69,175.89,169.31,158.96,64.09,59.46,56.43,3.48,3.4,3.87,2.64,2.83,3.15,5.42,5.39,5.92,4.58,4.82,5.19,88.48,78.1,85.06,76.33,88.13,82.65
2020-06-04,184.3000030517578,185.83999633789065,182.3000030517578,182.9199981689453,181.58416748046875,28761800,183.85,183.1,183.31,180.98,174.07,170.09,157.61,183.68,183.16,180.74,179.9,176.16,169.58,159.2,49.25,54.45,54.75,2.94,3.25,3.69,2.42,2.69,3.0,4.81,5.2,5.7,4.29,4.64,5.01,67.67,80.03,60.42,75.53,74.67,82.82
2020-06-05,182.6199951171875,187.72999572753903,182.009994506836,187.1999969482422,185.8329162597656,39893600,184.64,183.48,183.49,181.5,174.87,170.33,157.86,184.85,183.79,181.22,180.37,176.6,169.93,159.48,65.56,60.71,57.07,3.63,3.37,3.68,2.57,2.65,2.92,5.52,5.31,5.66,4.46,4.58,4.9,92.79,82.98,95.24,80.24,97.11,86.64
2020-06-08,185.94000244140625,188.5500030517578,184.44000244140625,188.3600006103516,186.9844512939453,33211600,185.75,183.96,183.67,181.96,175.52,170.59,158.11,186.02,184.49,181.75,180.88,177.06,170.3,159.77,68.74,62.22,57.68,4.27,3.67,3.79,2.74,2.68,2.88,6.19,5.6,5.77,4.66,4.61,4.85,97.67,86.04,98.41,84.69,98.86,90.21
2020-06-09,188.0,190.6999969482422,187.259994506836,189.8000030517578,188.4139404296875,29783900,186.73,184.78,183.82,182.49,176.32,170.86,158.37,187.28,185.31,182.34,181.46,177.56,170.68,160.07,72.43,64.07,58.44,4.94,4.1,4.02,2.97,2.78,2.9,6.89,6.03,5.99,4.92,4.71,4.87,90.37,93.61,93.62,95.76,94.67,96.88
2020-06-10,191.1300048828125,198.5200042724609,191.009994506836,196.83999633789065,195.40252685546875,43872300,189.02,186.29,184.54,183.39,177.05,171.17,158.69,190.47,187.08,183.42,182.45,178.31,171.2,160.43,83.51,71.44,61.9,7.05,5.08,4.63,3.66,3.07,3.05,9.17,7.08,6.63,5.78,5.07,5.05,90.22,92.75,92.34,94.79,93.2,95.58
2020-06-11,193.1300048828125,195.759994506836,186.07000732421875,186.2700042724609,184.9097137451172,52854700,189.69,186.77,184.87,183.69,177.62,171.36,158.94,189.07,186.96,183.63,182.7,178.63,171.5,160.69,49.0,53.65,54.79,5.44,5.2,4.79,3.33,3.16,3.11,7.49,7.21,6.8,5.38,5.17,5.12,25.8,68.8,44.11,76.69,50.44,79.44
2020-06-12,190.5399932861328,191.72000122070312,185.17999267578125,187.7400054931641,186.3689727783203,43373600,189.8,187.22,185.23,183.97,178.34,171.57,159.2,188.63,187.08,183.93,183.02,178.98,171.82,160.96,52.21,55.32,55.53,4.7,5.03,4.77,3.15,3.16,3.12,6.71,7.05,6.78,5.16,5.17,5.12,34.71,50.24,50.82,62.42,52.8,65.48
2020-06-15,184.5800018310547,190.82000732421875,184.009994506836,188.94000244140625,187.5602264404297,32770200,189.92,187.83,185.52,184.45,179.01,171.8,159.47,188.73,187.36,184.3,183.4,179.37,172.16,161.24,54.91,56.69,56.13,4.43,4.83,4.7,3.06,3.12,3.1,6.42,6.84,6.71,5.05,5.13,5.11,41.97,34.16,56.3,50.41,58.06,53.77
2020-06-16,192.88999938964844,195.5800018310547,191.4600067138672,193.57000732421875,192.1564178466797,42556700,190.67,188.7,185.95,184.94,179.8,172.07,159.75,190.34,188.32,184.99,184.06,179.93,172.58,161.56,64.04,61.58,58.4,5.35,5.0,4.83,3.33,3.19,3.15,7.4,7.03,6.85,5.38,5.21,5.16,65.89,47.52,72.71,59.94,78.33,63.06
2020-06-17,195.02999877929688,196.32000732421875,193.69000244140625,194.2400054931641,192.821517944336,25687800,190.15,189.59,186.48,185.39,180.38,172.36,160.03,191.64,189.23,185.68,184.72,180.49,173.01,161.88,65.23,62.24,58.72,5.96,5.32,5.06,3.55,3.31,3.23,8.08,7.38,7.09,5.67,5.36,5.27,70.5,59.45,76.37,68.46,81.26,72.55
2020-06-18,194.0,196.4900054931641,194.0,196.32000732421875,194.88633728027344,23061600,192.16,190.93,187.01,185.85,181.04,172.7,160.33,193.2,190.32,186.46,185.47,181.11,173.47,162.23,68.95,64.31,59.72,6.74,5.8,5.39,3.86,3.49,3.36,8.93,7.89,7.46,6.05,5.59,5.42,84.84,73.74,87.19,78.76,90.37,83.32
2020-06-19,198.58999633789065,199.2899932861328,194.3699951171875,195.1499938964844,193.724853515625,44441100,193.64,191.72,187.6,186.23,181.64,173.0,160.62,193.85,191.06,187.11,186.09,181.66,173.9,162.55,64.43,62.24,58.89,6.74,6.11,5.66,3.95,3.65,3.47,8.97,8.25,7.76,6.18,5.79,5.57,72.91,76.08,76.92,80.16,82.47,84.7
2020-06-22,195.7899932861328,200.759994506836,195.22999572753903,200.57000732421875,199.1053009033203,32818900,195.97,192.94,188.45,186.76,182.35,173.33,160.92,196.09,192.53,188.1,187.02,182.4,174.43,162.93,73.74,67.45,61.46,7.99,6.74,6.13,4.43,3.91,3.67,10.34,8.95,8.28,6.78,6.12,5.81,98.87,85.54,98.99,87.7,99.24,90.69
2020-06-23,202.08999633789065,203.9499969482422,201.42999267578125,201.9100036621093,200.4355010986328,30917400,197.64,194.16,189.47,187.27,183.08,173.62,161.23,198.03,193.97,189.13,187.98,183.17,174.98,163.32,75.58,68.6,62.07,8.9,7.46,6.68,4.84,4.22,3.9,11.38,9.76,8.9,7.32,6.52,6.12,89.77,87.18,90.7,88.87,92.78,91.5
2020-06-24,201.6000061035156,203.25,196.5599975585937,197.83999633789065,196.3952178955078,36740600,198.36,194.25,190.27,187.78,183.56,173.89,161.54,197.97,194.56,189.77,188.62,183.74,175.43,163.66,60.53,61.48,59.13,8.2,7.71,6.99,4.79,4.41,4.08,10.7,10.07,9.26,7.29,6.78,6.35,51.08,79.91,72.15,87.28,77.66,89.89
2020-06-25,197.8000030517578,200.6100006103516,195.47000122070312,200.33999633789065,198.87696838378903,27803900,199.16,195.66,191.22,188.47,184.13,174.15,161.86,198.76,195.45,190.56,189.38,184.4,175.92,164.03,65.46,63.96,60.32,8.2,7.87,7.23,4.89,4.57,4.24,10.77,10.31,9.56,7.46,7.0,6.57,64.81,68.55,81.9,81.58,86.8,85.75
2020-06-26,199.72999572753903,199.88999938964844,194.8800048828125,196.3300018310547,194.896240234375,54675800,199.4,196.52,191.87,188.99,184.52,174.31,162.16,197.95,195.59,190.98,189.83,184.86,176.33,164.35,53.06,57.57,57.52,6.97,7.57,7.18,4.61,4.58,4.31,9.49,10.03,9.55,7.13,7.05,6.68,23.42,46.44,61.79,71.95,72.14,78.87
2020-06-29,195.77999877929688,198.52999877929688,193.5500030517578,198.44000244140625,196.99082946777344,26701600,198.97,197.47,192.65,189.5,184.91,174.5,162.46,198.11,196.03,191.54,190.38,185.4,176.76,164.69,57.95,59.84,58.57,6.57,7.24,7.06,4.49,4.55,4.35,9.1,9.72,9.46,7.02,7.04,6.75,47.02,45.08,72.37,72.02,79.85,79.6
2020-06-30,197.8800048828125,204.3999938964844,197.7400054931641,203.509994506836,202.02381896972656,34310300,199.29,198.46,193.58,190.12,185.48,174.7,162.79,199.91,197.18,192.42,191.23,186.11,177.29,165.08,67.45,64.73,60.98,7.49,7.32,7.14,4.76,4.62,4.43,10.09,9.84,9.58,7.36,7.14,6.87,91.8,54.08,95.64,76.6,96.8,82.93
2020-07-01,203.13999938964844,206.3500061035156,201.7700042724609,204.6999969482422,203.2051239013672,32061200,200.66,199.51,194.55,190.82,186.22,174.91,163.14,201.51,198.34,193.33,192.1,186.84,177.84,165.47,69.35,65.78,61.52,8.18,7.61,7.35,5.01,4.75,4.55,10.87,10.19,9.84,7.7,7.33,7.04,87.11,75.31,92.61,86.87,94.45,90.37
2020-07-02,205.67999267578125,208.0200042724609,205.0,206.259994506836,204.7537384033203,29315800,201.85,200.51,195.72,191.51,186.87,175.08,163.48,203.09,199.55,194.29,193.01,187.6,178.4,165.88,71.86,67.17,62.24,8.8,8.0,7.64,5.26,4.92,4.69,11.58,10.65,10.19,8.04,7.57,7.24,87.84,88.92,92.67,93.64,94.4,95.22
2020-07-06,208.8300018310547,211.1300048828125,208.08999633789065,210.6999969482422,209.1613006591797,31897600,204.72,202.06,196.89,192.42,187.66,175.35,163.84,205.63,201.27,195.51,194.15,188.5,179.04,166.32,77.87,70.79,64.2,10.12,8.71,8.14,5.76,5.2,4.9,13.05,11.45,10.76,8.69,7.94,7.53,97.55,90.83,97.81,94.36,98.75,95.87
2020-07-07,210.4499969482422,214.6699981689453,207.9900054931641,208.25,206.7292022705078,33600700,206.68,202.83,197.89,193.24,188.33,175.58,164.18,206.5,202.34,196.45,195.06,189.28,179.62,166.74,68.46,66.43,62.34,10.05,9.16,8.52,5.89,5.43,5.1,13.05,11.98,11.22,8.89,8.26,7.8,69.6,85.0,69.6,86.69,81.28,91.48
2020-07-08,210.07000732421875,213.259994506836,208.69000244140625,212.8300018310547,211.2757568359375,33600000,208.55,203.92,199.04,194.29,189.11,175.87,164.54,208.61,203.96,197.66,196.21,190.2,180.28,167.2,75.04,70.13,64.34,10.95,9.75,9.01,6.3,5.72,5.34,14.08,12.68,11.79,9.43,8.65,8.13,91.29,86.15,91.29,86.23,94.63,91.55
2020-07-09,216.3300018310547,216.3800048828125,211.47000122070312,214.32000732421875,212.7548828125,33121700,210.47,205.57,199.91,195.37,190.0,176.16,164.92,210.51,205.55,198.9,197.38,191.15,180.95,167.67,76.87,71.24,64.97,11.61,10.37,9.53,6.65,6.03,5.6,14.89,13.42,12.41,9.93,9.08,8.49,88.95,83.28,90.98,83.96,94.12,90.01
2020-07-10,213.6199951171875,214.0800018310547,211.0800018310547,213.6699981689453,212.109619140625,26177600,211.95,206.9,201.28,196.45,190.72,176.43,165.3,211.57,206.8,199.99,198.43,192.03,181.6,168.12,74.1,70.02,64.46,11.58,10.78,9.94,6.81,6.29,5.84,14.94,13.93,12.92,10.17,9.44,8.82,81.45,87.23,88.13,90.13,92.26,93.67
2020-07-13,214.47999572753903,215.8000030517578,206.5,207.07000732421875,205.5578155517578,38135600,211.23,207.97,202.25,197.24,191.28,176.62,165.64,210.07,206.84,200.52,198.99,192.62,182.1,168.51,51.94,58.96,59.51,9.55,10.37,9.86,6.32,6.3,5.94,12.86,13.57,12.91,9.63,9.5,8.99,18.19,62.86,59.22,79.44,72.91,86.43
2020-07-14,206.1300048828125,208.8500061035156,202.02999877929688,208.3500061035156,206.82847595214844,37591800,211.25,208.97,203.22,198.09,191.96,176.86,165.98,209.49,207.07,201.1,199.59,193.24,182.62,168.91,54.99,60.27,60.13,8.39,9.71,9.57,5.97,6.19,5.95,11.66,12.93,12.66,9.24,9.42,9.04,44.04,47.89,64.83,70.73,76.64,80.6
2020-07-15,209.5599975585937,211.3300018310547,205.02999877929688,208.0399932861328,206.52072143554688,32179400,210.29,209.42,203.94,198.86,192.54,177.16,166.34,209.01,207.22,201.61,200.13,193.82,183.12,169.3,54.02,59.77,59.9,7.4,8.94,9.13,5.61,6.0,5.88,10.62,12.16,12.25,8.83,9.22,8.99,41.88,34.7,63.47,62.51,75.73,75.09
2020-07-16,205.3999938964844,205.6999969482422,202.3099975585937,203.9199981689453,202.43081665039065,29940700,208.21,209.34,204.43,199.48,193.0,177.49,166.66,207.31,206.71,201.78,200.38,194.21,183.54,169.64,42.44,53.45,56.91,5.53,7.8,8.41,4.93,5.64,5.69,8.61,10.98,11.52,8.01,8.82,8.8,13.17,33.03,45.42,57.91,61.51,71.29
2020-07-17,204.47000122070312,205.0399932861328,201.38999938964844,202.8800048828125,201.39840698242188,31635300,206.05,209.0,204.75,200.15,193.41,177.84,166.99,205.84,206.12,201.86,200.54,194.55,183.92,169.97,39.92,51.95,56.18,3.98,6.53,7.53,4.26,5.18,5.4,6.91,9.62,10.6,7.19,8.27,8.48,9.94,21.66,40.87,49.92,58.29,65.18
2020-07-20,205.0,212.3000030517578,203.009994506836,211.6000061035156,210.05474853515625,36884800,206.96,209.09,205.58,200.96,193.97,178.25,167.37,207.76,206.97,202.58,201.25,195.22,184.47,170.39,61.99,61.64,60.59,5.18,6.08,7.06,4.39,4.92,5.2,8.12,9.12,10.1,7.33,7.96,8.25,70.85,31.32,74.36,53.55,85.23,68.34
2020-07-21,213.6600036621093,213.94000244140625,208.02999877929688,208.75,207.22555541992188,38105800,207.04,209.14,205.99,201.64,194.45,178.76,167.74,208.09,207.24,203.04,201.74,195.75,184.95,170.77,54.38,57.55,58.59,5.05,5.74,6.66,4.2,4.68,5.0,7.95,8.73,9.67,7.1,7.67,8.02,51.08,43.96,49.1,54.78,76.43,73.32
2020-07-22,209.1999969482422,212.3000030517578,208.38999938964844,211.75,210.20362854003903,49605700,207.78,209.03,206.48,202.37,194.95,179.25,168.1,209.31,207.93,203.69,202.38,196.38,185.48,171.18,60.36,60.52,60.03,5.62,5.7,6.45,4.24,4.53,4.85,8.52,8.66,9.44,7.14,7.5,7.84,82.55,68.16,69.11,64.19,85.7,82.45
2020-07-23,207.19000244140625,210.9199981689453,202.1499938964844,202.5399932861328,201.06089782714844,67457000,207.5,207.86,206.71,202.56,195.35,179.55,168.43,207.05,207.1,203.6,202.39,196.62,185.82,171.49,41.07,49.17,54.05,3.45,4.95,5.85,3.5,4.19,4.58,6.16,7.83,8.79,6.21,7.07,7.52,9.16,47.6,7.67,41.96,57.24,73.12
2020-07-24,200.4199981689453,202.8600006103516,197.509994506836,201.3000030517578,199.82997131347656,39827000,207.19,206.62,206.76,203.06,195.78,179.92,168.76,205.13,206.21,203.43,202.32,196.8,186.12,171.79,39.11,47.86,53.31,1.7,3.87,5.02,2.78,3.72,4.22,4.22,6.62,7.87,5.3,6.48,7.07,23.07,38.26,20.08,32.29,39.49,60.81
2020-07-27,201.47000122070312,203.97000122070312,200.8600006103516,203.8500061035156,202.36134338378903,30160900,205.64,206.3,207.14,203.6,196.25,180.25,169.09,204.71,205.85,203.46,202.42,197.08,186.47,172.1,45.37,50.75,54.64,1.25,2.99,4.27,2.39,3.28,3.85,3.64,5.63,7.03,4.78,5.91,6.61,38.59,23.61,33.6,20.45,45.12,47.28
2020-07-28,203.6100006103516,204.6999969482422,201.7400054931641,202.0200042724609,200.5446929931641,23251400,204.29,205.67,207.32,204.03,196.63,180.61,169.4,203.81,205.26,203.35,202.4,197.27,186.78,172.4,41.77,48.67,53.5,0.46,2.15,3.5,1.91,2.82,3.46,2.69,4.65,6.16,4.14,5.32,6.12,27.45,29.7,23.9,25.86,37.1,40.57
2020-07-29,202.5,204.6499938964844,202.009994506836,204.0599975585937,202.56979370117188,19632600,202.75,205.27,207.34,204.38,197.01,181.03,169.72,203.89,205.07,203.41,202.5,197.54,187.12,172.72,47.22,51.08,54.59,0.48,1.59,2.9,1.66,2.43,3.1,2.6,3.97,5.45,3.78,4.81,5.65,39.87,35.3,35.81,31.1,46.04,42.75
2020-07-30,201.0,204.4600067138672,199.57000732421875,203.8999938964844,202.4109649658203,25079600,203.03,205.26,207.3,204.71,197.42,181.57,170.05,203.9,204.89,203.44,202.59,197.79,187.46,173.03,46.82,50.88,54.49,0.46,1.22,2.41,1.45,2.11,2.77,2.47,3.47,4.85,3.46,4.36,5.21,43.2,36.84,34.94,31.55,45.34,42.83
2020-07-31,204.3999938964844,205.1000061035156,199.009994506836,205.009994506836,203.51284790039065,51248000,203.77,205.48,207.24,205.0,197.8,182.01,170.36,204.27,204.91,203.56,202.75,198.07,187.8,173.35,50.23,52.29,55.1,0.71,1.05,2.07,1.35,1.85,2.49,2.64,3.19,4.41,3.28,4.0,4.83,55.93,46.33,45.65,38.8,50.2,47.19
2020-08-03,211.5200042724609,217.63999938964844,210.44000244140625,216.5399932861328,214.9586639404297,78983000,206.31,205.97,207.53,205.71,198.46,182.64,170.74,208.36,206.7,204.52,203.64,198.8,188.37,173.78,72.02,63.87,60.79,3.84,1.98,2.42,2.18,1.96,2.43,5.9,4.09,4.71,4.24,4.08,4.71,94.54,64.56,94.54,58.38,95.43,63.66
2020-08-04,214.1699981689453,214.7700042724609,210.3099975585937,213.2899932861328,211.73239135742188,49280100,208.56,206.43,207.78,206.13,199.06,183.38,171.11,210.0,207.71,205.17,204.26,199.37,188.87,174.17,62.96,59.49,58.62,4.83,2.93,2.91,2.54,2.16,2.45,6.94,5.04,5.15,4.65,4.27,4.7,76.65,75.71,78.39,72.86,81.94,75.86
2020-08-05,214.8999938964844,215.0,211.57000732421875,212.94000244140625,211.38494873046875,28858600,210.34,206.54,207.79,206.5,199.69,183.92,171.49,210.98,208.52,205.75,204.82,199.9,189.34,174.55,61.98,59.02,58.39,5.23,3.7,3.37,2.77,2.36,2.51,7.37,5.82,5.6,4.91,4.48,4.74,74.77,81.99,76.65,83.19,80.49,85.95
2020-08-06,212.33999633789065,216.3699951171875,211.5500030517578,216.3500061035156,214.77005004882807,32656800,212.83,207.93,207.89,207.12,200.38,184.73,171.88,212.77,209.72,206.53,205.57,200.54,189.88,174.97,67.69,62.16,60.0,6.24,4.54,3.94,3.19,2.64,2.65,8.45,6.7,6.17,5.4,4.79,4.87,93.08,81.5,93.59,82.88,94.65,85.69
2020-08-07,214.8500061035156,215.6999969482422,210.92999267578125,212.47999572753903,210.9283142089844,27820400,214.32,209.04,207.83,207.52,201.0,185.39,172.26,212.67,210.15,206.97,206.01,201.01,190.33,175.34,56.46,56.84,57.39,5.7,4.93,4.3,3.18,2.82,2.76,7.9,7.1,6.51,5.38,4.99,4.97,72.3,80.05,74.37,81.54,74.37,83.17
2020-08-10,211.6699981689453,211.8800048828125,206.3500061035156,208.25,206.7292022705078,36716500,212.66,209.48,207.89,207.92,201.5,186.07,172.61,211.2,209.86,207.07,206.16,201.3,190.68,175.67,46.59,51.64,54.69,4.13,4.66,4.26,2.79,2.81,2.76,6.24,6.81,6.46,4.9,4.96,4.96,49.6,71.66,53.35,73.77,53.35,74.12
2020-08-11,207.1600036621093,207.6499938964844,203.13999938964844,203.3800048828125,201.894775390625,36446500,210.68,209.62,207.64,208.08,201.91,186.67,172.93,208.59,208.86,206.79,205.98,201.38,190.93,175.95,37.74,46.38,51.79,1.8,3.71,3.77,2.07,2.56,2.62,3.71,5.78,5.91,3.98,4.63,4.76,1.66,41.19,29.16,52.29,29.16,52.29
2020-08-12,205.2899932861328,210.27999877929688,204.75,209.19000244140625,207.662353515625,28041400,209.93,210.13,207.7,208.27,202.4,187.39,173.27,208.79,208.91,206.97,206.18,201.68,191.29,176.28,50.76,52.58,54.76,1.82,3.08,3.38,1.94,2.35,2.49,3.67,5.08,5.46,3.79,4.35,4.57,45.73,32.33,58.02,46.84,58.02,46.84
2020-08-13,209.44000244140625,211.3500061035156,208.1499938964844,208.6999969482422,207.1759033203125,22588900,208.4,210.61,207.94,208.41,202.86,188.12,173.6,208.76,208.88,207.1,206.35,201.96,191.64,176.6,49.74,52.04,54.47,1.66,2.61,3.04,1.78,2.16,2.35,3.44,4.53,5.06,3.56,4.09,4.37,42.03,29.81,52.01,46.4,55.59,47.59
2020-08-14,208.759994506836,209.58999633789065,207.509994506836,208.8999938964844,207.3744506835937,17958900,207.68,211.0,208.24,208.49,203.38,188.73,173.93,208.81,208.88,207.23,206.51,202.23,191.98,176.92,50.22,52.25,54.57,1.58,2.26,2.74,1.65,1.99,2.21,3.3,4.12,4.71,3.37,3.85,4.17,43.54,43.77,53.09,54.37,56.58,56.73
2020-08-17,209.6000061035156,211.19000244140625,208.9199981689453,210.27999877929688,208.744369506836,20184800,208.09,210.38,208.17,208.48,203.84,189.36,174.26,209.3,209.1,207.46,206.75,202.55,192.34,177.25,53.76,53.82,55.29,1.84,2.12,2.56,1.64,1.87,2.09,3.52,3.92,4.47,3.32,3.67,4.0,56.85,47.47,60.49,55.2,63.44,58.54
2020-08-18,210.52999877929688,212.3600006103516,209.2100067138672,211.4900054931641,209.945541381836,21336200,209.71,210.2,208.31,208.59,204.31,189.91,174.6,210.03,209.46,207.76,207.06,202.9,192.72,177.59,56.89,55.2,55.93,2.27,2.17,2.51,1.7,1.82,2.01,3.93,3.92,4.36,3.36,3.57,3.87,90.56,63.65,66.99,60.19,69.45,63.16
2020-08-19,211.4900054931641,212.1000061035156,209.25,209.6999969482422,208.6718139648437,27627600,209.81,209.87,208.21,208.48,204.71,190.51,174.93,209.92,209.5,207.9,207.23,203.16,193.06,177.91,50.93,52.69,54.73,2.02,2.12,2.41,1.6,1.74,1.93,3.62,3.82,4.21,3.2,3.45,3.74,71.15,72.85,57.38,61.62,60.56,64.48
2020-08-20,209.5399932861328,215.0,208.9100036621093,214.5800018310547,213.52789306640625,26981500,210.99,209.7,208.81,208.49,205.06,191.06,175.28,211.47,210.28,208.4,207.7,203.61,193.48,178.28,63.2,58.27,57.32,3.07,2.44,2.54,1.88,1.79,1.92,4.71,4.12,4.31,3.52,3.47,3.69,95.9,85.87,78.9,67.76,84.8,71.6
2020-08-21,213.8600006103516,216.25,212.8500061035156,213.0200042724609,211.9755401611328,36249300,211.81,209.75,209.4,208.47,205.6,191.61,175.62,211.99,210.7,208.74,208.05,203.98,193.87,178.62,57.81,55.99,56.26,3.25,2.71,2.68,1.96,1.85,1.93,4.89,4.38,4.43,3.6,3.51,3.67,63.04,76.7,74.68,70.32,77.05,74.14
2020-08-24,214.7899932861328,215.5200042724609,212.42999267578125,213.69000244140625,212.6422576904297,25460100,212.5,210.29,209.89,208.69,206.11,192.23,175.97,212.56,211.16,209.11,208.41,204.36,194.26,178.97,59.54,56.77,56.61,3.45,2.96,2.84,2.05,1.91,1.95,5.09,4.61,4.56,3.69,3.57,3.68,70.71,76.55,79.74,77.77,80.38,80.74
2020-08-25,213.1000061035156,216.6100006103516,213.1000061035156,216.47000122070312,215.4086303710937,23043700,213.49,211.6,210.61,208.96,206.66,192.84,176.33,213.86,211.98,209.65,208.93,204.84,194.7,179.35,66.24,59.95,58.1,4.21,3.37,3.11,2.33,2.05,2.03,5.89,5.04,4.83,4.01,3.72,3.74,98.18,77.31,98.96,84.46,94.19,83.87
2020-08-26,217.8800048828125,222.08999633789065,217.3600006103516,221.1499938964844,220.065673828125,39600800,215.78,212.8,211.47,209.4,207.22,193.51,176.7,216.29,213.39,210.5,209.72,205.48,195.23,179.76,74.52,64.65,60.45,5.79,4.18,3.65,2.89,2.33,2.2,7.59,5.89,5.38,4.69,4.04,3.93,92.87,87.25,95.04,91.25,96.18,90.25
2020-08-27,222.88999938964844,231.1499938964844,219.3999938964844,226.5800018310547,225.4690704345703,57602200,218.18,214.59,212.6,210.15,207.86,194.12,177.11,219.72,215.42,211.69,210.81,206.3,195.85,180.23,80.87,69.18,62.96,8.03,5.46,4.52,3.73,2.8,2.51,10.02,7.27,6.31,5.72,4.6,4.29,79.45,90.17,83.68,92.56,86.41,92.26
2020-08-28,228.17999267578125,230.63999938964844,226.5800018310547,228.9100036621093,227.7876434326172,26292900,221.36,216.59,213.79,211.02,208.52,194.78,177.52,222.78,217.49,212.97,211.98,207.19,196.5,180.71,82.99,70.9,63.98,9.81,6.91,5.58,4.52,3.37,2.91,12.02,8.85,7.45,6.73,5.31,4.78,89.93,87.42,92.0,90.24,93.34,91.98
2020-08-31,227.0,228.6999969482422,224.3099975585937,225.52999877929688,224.4241943359375,28774200,223.73,218.11,214.24,211.49,209.12,195.38,177.91,223.7,218.73,213.9,212.85,207.91,197.08,181.16,69.87,65.21,61.44,9.8,7.87,6.42,4.83,3.86,3.29,12.12,9.94,8.38,7.15,5.92,5.25,69.98,79.79,78.71,84.8,83.29,87.68
2020-09-01,225.509994506836,227.4499969482422,224.42999267578125,227.2700042724609,226.1556854248047,25791200,225.89,219.69,214.94,212.1,209.66,196.0,178.3,224.89,220.04,214.89,213.78,208.67,197.68,181.62,72.49,66.69,62.24,10.0,8.58,7.14,5.15,4.29,3.66,12.43,10.77,9.19,7.58,6.48,5.72,79.27,79.73,83.59,84.77,88.47,88.37
2020-09-02,227.97000122070312,232.8600006103516,227.3500061035156,231.6499938964844,230.51419067382807,34080800,227.99,221.88,215.88,212.77,210.25,196.66,178.71,227.14,221.83,216.13,214.93,209.57,198.35,182.11,78.07,70.14,64.18,11.01,9.39,7.91,5.7,4.76,4.07,13.62,11.72,10.08,8.31,7.09,6.24,93.88,81.04,95.23,85.84,96.43,89.4
2020-09-03,229.2700042724609,229.3099975585937,214.9600067138672,217.3000030517578,216.23455810546875,58400300,226.13,222.16,215.93,213.26,210.64,197.1,179.05,223.86,221.13,216.22,215.09,209.87,198.72,182.46,43.96,51.38,54.65,7.64,8.81,7.86,4.91,4.81,4.24,10.13,11.19,10.09,7.4,7.19,6.47,13.07,62.07,35.03,71.28,54.03,79.64
2020-09-04,215.1000061035156,218.3600006103516,205.19000244140625,214.25,213.19952392578125,59664100,223.2,222.28,216.01,213.69,210.92,197.52,179.36,220.66,220.07,216.07,215.03,210.04,199.03,182.78,39.66,48.41,52.92,4.59,7.4,7.21,4.0,4.54,4.19,6.9,9.76,9.45,6.31,6.9,6.44,32.74,46.56,32.74,54.33,45.02,65.16
2020-09-08,206.5,210.02999877929688,202.1999969482422,202.6600036621093,201.6663360595703,52924300,218.63,221.18,215.73,213.65,211.05,197.78,179.63,214.66,217.4,215.08,214.23,209.76,199.1,182.98,27.67,39.16,47.04,-0.42,4.79,5.68,2.32,3.8,3.82,1.52,7.01,7.86,4.26,6.02,6.0,1.5,15.77,1.5,23.09,10.78,36.61
2020-09-09,207.6000061035156,214.83999633789065,206.6999969482422,211.2899932861328,210.25401306152344,45679000,215.43,220.66,216.13,213.96,211.3,198.11,179.94,213.54,216.46,214.8,214.04,209.82,199.34,183.26,42.72,47.24,51.22,-1.26,2.78,4.29,1.66,3.09,3.39,0.5,4.84,6.39,3.42,5.15,5.49,29.65,21.3,29.65,21.3,36.28,30.69
2020-09-10,213.3999938964844,214.7400054931641,204.1100006103516,205.3699951171875,204.363037109375,35461500,210.17,219.08,215.94,214.0,211.34,198.41,180.22,210.81,214.75,214.1,213.48,209.64,199.46,183.48,36.62,43.02,48.5,-3.29,0.75,2.78,0.65,2.27,2.84,-1.8,2.63,4.75,2.14,4.15,4.82,10.34,13.83,10.34,13.83,10.34,19.13
2020-09-11,207.1999969482422,208.6300048828125,201.2400054931641,204.02999877929688,203.0296325683593,33620100,207.52,216.83,215.71,214.01,211.33,198.77,180.48,208.55,213.1,213.35,212.87,209.42,199.55,183.68,35.29,42.11,47.9,-4.8,-1.1,1.26,-0.25,1.43,2.22,-3.59,0.56,3.08,0.96,3.09,4.05,8.82,16.27,8.82,16.27,8.82,18.48
2020-09-14,204.2400054931641,209.1999969482422,204.02999877929688,205.4100036621093,204.40284729003903,30375800,205.75,214.48,215.53,214.02,211.31,199.09,180.75,207.51,211.92,212.77,212.39,209.26,199.67,183.9,38.0,43.44,48.58,-5.26,-2.48,-0.04,-0.85,0.67,1.61,-4.25,-1.05,1.62,0.16,2.11,3.27,14.86,11.34,13.19,10.78,13.19,10.78
2020-09-15,208.4199981689453,209.77999877929688,206.92999267578125,208.77999877929688,207.7563323974609,21823900,206.98,212.8,215.46,213.76,211.27,199.46,181.03,207.93,211.44,212.47,212.16,209.24,199.85,184.15,44.6,46.68,50.22,-4.54,-3.17,-0.94,-1.03,0.1,1.08,-3.67,-1.92,0.56,-0.16,1.35,2.58,44.04,22.57,23.85,15.29,23.85,15.29
2020-09-16,210.6199951171875,210.6499938964844,204.63999938964844,205.0500030517578,204.04461669921875,26328100,205.73,210.58,215.13,213.49,211.21,199.77,181.3,206.97,210.45,211.92,211.7,209.08,199.95,184.36,39.21,43.7,48.44,-4.95,-3.76,-1.74,-1.47,-0.42,0.57,-4.26,-2.7,-0.4,-0.78,0.64,1.91,28.01,28.97,12.05,16.36,12.05,16.36
2020-09-17,200.0500030517578,204.3300018310547,199.9600067138672,202.9100036621093,201.9151153564453,34011300,205.24,207.7,214.8,213.15,211.01,200.06,181.57,205.62,209.29,211.25,211.13,208.84,200.01,184.54,36.27,42.04,47.45,-5.63,-4.39,-2.52,-1.96,-0.93,0.06,-5.15,-3.52,-1.35,-1.48,-0.07,1.23,19.83,30.63,8.97,14.96,8.97,14.96
2020-09-18,202.8000030517578,203.6499938964844,196.25,200.38999938964844,199.407455444336,55225300,204.51,206.01,214.09,212.62,210.73,200.36,181.82,203.87,207.92,210.45,210.44,208.51,200.02,184.7,32.89,40.11,46.29,-6.58,-5.12,-3.33,-2.53,-1.47,-0.46,-6.33,-4.45,-2.35,-2.28,-0.8,0.53,22.39,23.41,11.31,10.78,11.31,10.78
2020-09-21,197.19000244140625,202.7100067138672,196.3800048828125,202.5399932861328,201.5469207763672,39839700,203.93,204.84,213.56,212.29,210.51,200.62,182.09,203.43,207.09,209.86,209.93,208.27,200.07,184.88,38.59,42.53,47.43,-6.43,-5.55,-3.95,-2.77,-1.9,-0.92,-6.34,-5.08,-3.15,-2.68,-1.43,-0.11,43.68,28.63,17.18,12.49,17.18,12.49
2020-09-22,205.0599975585937,208.1000061035156,202.0800018310547,207.4199981689453,206.40298461914065,33517100,203.66,205.32,213.25,212.26,210.51,200.9,182.37,204.76,207.14,209.68,209.77,208.24,200.21,185.1,49.86,47.71,49.93,-4.92,-5.34,-4.15,-2.54,-2.11,-1.24,-4.88,-5.02,-3.49,-2.5,-1.79,-0.59,77.57,47.88,30.51,19.67,30.51,19.67
2020-09-23,207.8999938964844,208.1000061035156,200.02999877929688,200.58999633789065,199.60647583007807,30803800,202.77,204.25,212.45,212.17,210.36,201.16,182.62,203.37,206.14,209.01,209.18,207.94,200.22,185.25,38.36,42.01,46.7,-5.64,-5.44,-4.44,-2.87,-2.37,-1.57,-5.77,-5.27,-3.95,-3.0,-2.19,-1.07,30.14,50.46,13.13,20.27,11.85,19.85
2020-09-24,199.8500061035156,205.57000732421875,199.1999969482422,203.19000244140625,202.19374084472656,31202500,202.83,204.03,211.56,211.97,210.26,201.4,182.88,203.31,205.68,208.58,208.79,207.75,200.28,185.43,44.09,44.72,48.03,-5.27,-5.38,-4.61,-2.9,-2.54,-1.83,-5.5,-5.34,-4.26,-3.13,-2.5,-1.48,48.19,51.97,31.39,25.01,18.96,20.44
2020-09-25,203.5500030517578,209.0399932861328,202.5399932861328,207.82000732421875,206.8010406494141,29437300,204.31,204.41,210.62,211.94,210.34,201.67,183.16,204.81,206.01,208.52,208.73,207.76,200.43,185.66,53.14,49.26,50.31,-3.71,-4.83,-4.43,-2.51,-2.53,-1.97,-3.94,-4.88,-4.2,-2.74,-2.58,-1.73,90.46,56.26,62.24,35.59,31.6,20.8
2020-09-28,210.8800048828125,212.57000732421875,208.0599975585937,209.44000244140625,208.41310119628903,32004900,205.69,204.81,209.64,211.96,210.47,201.94,183.45,206.36,206.54,208.59,208.77,207.82,200.61,185.89,56.04,50.79,51.09,-2.23,-3.96,-3.99,-2.05,-2.37,-1.99,-2.43,-4.06,-3.84,-2.25,-2.47,-1.84,80.82,73.16,70.95,54.86,36.03,28.86
2020-09-29,209.3500061035156,210.07000732421875,206.8099975585937,207.259994506836,206.2437744140625,24221900,205.66,204.66,208.73,211.86,210.38,202.18,183.72,206.66,206.65,208.49,208.68,207.8,200.74,186.11,51.07,48.67,49.99,-1.83,-3.25,-3.56,-1.84,-2.19,-1.96,-2.04,-3.39,-3.48,-2.05,-2.33,-1.88,67.2,79.49,59.55,64.25,30.07,32.57
2020-09-30,207.72999572753903,211.97999572753903,206.5399932861328,210.3300018310547,209.29872131347656,33829100,207.61,205.19,207.88,211.82,210.42,202.43,184.0,207.88,207.22,208.63,208.78,207.9,200.93,186.35,57.29,51.72,51.51,-0.75,-2.42,-3.0,-1.41,-1.93,-1.85,-0.91,-2.56,-2.97,-1.57,-2.08,-1.82,83.25,77.09,86.27,72.26,38.46,34.85
2020-10-01,213.4900054931641,213.9900054931641,211.32000732421875,212.4600067138672,211.4182891845703,27158400,209.46,206.14,206.92,211.91,210.43,202.69,184.28,209.41,208.02,208.91,209.02,208.08,201.16,186.61,61.28,53.78,52.54,0.5,-1.44,-2.3,-0.89,-1.59,-1.66,0.41,-1.57,-2.29,-0.98,-1.71,-1.65,89.66,80.04,91.38,79.07,44.28,37.6
2020-10-02,208.0,210.9900054931641,205.5399932861328,206.19000244140625,205.1790313720703,33154800,209.14,206.72,206.37,211.63,210.5,202.93,184.54,208.34,207.74,208.71,208.84,208.0,201.26,186.8,46.41,47.38,49.33,-0.37,-1.09,-1.91,-0.97,-1.38,-1.52,-0.5,-1.21,-1.93,-1.1,-1.51,-1.54,47.26,73.39,56.03,77.89,27.15,36.63
2020-10-05,207.22000122070312,210.4100036621093,206.97999572753903,210.3800048828125,209.34849548339844,21331600,209.32,207.51,206.18,211.54,210.68,203.23,184.82,209.02,208.15,208.83,208.94,208.1,201.44,187.04,54.93,51.53,51.39,0.19,-0.66,-1.49,-0.68,-1.15,-1.35,0.09,-0.78,-1.53,-0.78,-1.27,-1.39,68.47,68.46,79.65,75.69,38.6,36.68
2020-10-06,208.82000732421875,210.17999267578125,204.82000732421875,205.9100036621093,204.90040588378903,28554300,209.05,207.36,206.34,211.28,210.73,203.49,185.07,207.98,207.8,208.62,208.74,208.01,201.53,187.22,45.85,47.25,49.18,-0.64,-0.65,-1.32,-0.82,-1.04,-1.24,-0.78,-0.78,-1.38,-0.96,-1.16,-1.3,11.89,42.54,54.45,63.38,26.39,30.71
2020-10-07,207.0599975585937,210.1100006103516,206.72000122070312,209.8300018310547,208.8011779785156,25681100,208.95,208.28,206.27,211.06,210.88,203.75,185.33,208.6,208.11,208.71,208.81,208.08,201.69,187.45,53.69,51.09,51.09,-0.11,-0.47,-1.08,-0.6,-0.89,-1.12,-0.22,-0.59,-1.15,-0.71,-1.01,-1.18,54.63,45.0,76.55,70.22,37.09,34.03
2020-10-08,210.509994506836,211.19000244140625,208.32000732421875,210.5800018310547,209.54751586914065,19925800,208.58,209.02,206.53,210.71,211.01,204.01,185.6,209.26,208.49,208.85,208.93,208.18,201.87,187.68,55.13,51.81,51.46,0.41,-0.18,-0.78,-0.36,-0.71,-0.96,0.34,-0.28,-0.85,-0.43,-0.82,-1.03,62.81,43.11,80.64,70.55,39.14,34.21
2020-10-09,211.22999572753903,215.8600006103516,211.22999572753903,215.8099975585937,214.7518615722656,26458000,210.5,209.82,207.11,210.35,211.25,204.33,185.89,211.44,209.62,209.36,209.37,208.48,202.14,187.96,64.23,56.62,53.93,2.08,0.57,-0.21,0.26,-0.39,-0.72,2.14,0.53,-0.25,0.32,-0.44,-0.76,99.55,72.33,99.7,85.63,53.43,43.22
2020-10-12,218.7899932861328,223.8600006103516,216.8099975585937,221.3999938964844,220.314453125,40461400,212.71,211.01,207.91,210.1,211.58,204.69,186.2,214.76,211.43,210.25,210.15,208.99,202.52,188.29,71.45,61.09,56.39,4.51,1.89,0.73,1.18,0.13,-0.34,4.79,1.95,0.76,1.46,0.19,-0.32,87.08,83.15,90.02,90.12,68.7,53.76
2020-10-13,222.72000122070312,225.2100067138672,220.42999267578125,222.8600006103516,221.7672882080078,28950800,216.1,212.57,208.62,210.01,211.7,205.08,186.52,217.46,213.19,211.19,210.97,209.53,202.93,188.64,73.11,62.19,57.01,6.27,3.35,1.84,2.0,0.76,0.13,6.77,3.55,1.96,2.5,0.96,0.25,88.47,91.7,90.97,93.56,80.49,67.54
2020-10-14,223.0,224.22000122070312,219.1300048828125,220.8600006103516,219.777099609375,23451700,218.3,213.63,209.41,209.8,211.86,205.46,186.84,218.59,214.37,211.9,211.6,209.97,203.28,188.96,66.91,59.71,55.88,6.69,4.46,2.81,2.47,1.33,0.6,7.34,4.82,3.04,3.12,1.68,0.82,78.67,84.74,80.81,87.27,84.98,78.06
2020-10-15,217.1000061035156,220.3600006103516,216.009994506836,219.6600036621093,218.5829925537109,22733100,220.12,214.35,210.25,209.4,211.99,205.84,187.15,218.95,215.18,212.48,212.12,210.35,203.61,189.26,63.16,58.21,55.2,6.47,5.13,3.54,2.7,1.78,1.02,7.23,5.62,3.87,3.46,2.27,1.35,69.98,79.04,72.78,81.52,80.84,82.1
2020-10-16,220.1499938964844,222.2899932861328,219.32000732421875,219.6600036621093,218.5829925537109,26057900,220.89,215.7,211.21,209.48,212.06,206.22,187.45,219.19,215.87,213.01,212.61,210.72,203.92,189.56,63.16,58.21,55.2,6.18,5.48,4.07,2.86,2.14,1.39,7.03,6.09,4.51,3.71,2.75,1.82,67.14,71.93,72.78,75.46,80.84,82.22
2020-10-19,220.4199981689453,222.3000030517578,213.72000122070312,214.22000122070312,213.169662475586,27625800,219.45,216.08,211.79,209.48,212.09,206.55,187.72,217.53,215.62,213.1,212.71,210.86,204.13,189.81,46.94,51.41,52.1,4.43,5.13,4.14,2.52,2.27,1.61,5.25,5.81,4.65,3.34,2.95,2.12,21.39,52.84,46.1,63.89,62.05,74.58
2020-10-20,215.8000030517578,217.3699951171875,213.08999633789065,214.6499938964844,213.5975341796875,22753500,217.81,216.95,212.15,209.88,212.22,206.86,188.0,216.57,215.47,213.21,212.84,211.01,204.34,190.06,48.17,51.89,52.32,3.36,4.54,3.99,2.26,2.27,1.74,4.16,5.26,4.56,3.06,2.99,2.31,12.87,33.8,48.21,55.7,63.54,68.81
2020-10-21,213.1199951171875,216.9199981689453,213.1199951171875,214.8000030517578,213.746826171875,22724900,216.6,217.45,212.87,209.99,212.45,207.18,188.29,215.98,215.37,213.33,212.97,211.15,204.54,190.3,48.65,52.07,52.4,2.65,3.91,3.72,2.04,2.19,1.8,3.44,4.65,4.33,2.83,2.93,2.42,14.11,16.12,48.95,47.75,64.05,63.21
2020-10-22,213.92999267578125,216.0599975585937,211.6999969482422,214.88999938964844,213.8363647460937,22351500,215.64,217.88,213.45,210.31,212.56,207.48,188.56,215.62,215.29,213.45,213.09,211.3,204.75,190.55,48.99,52.18,52.44,2.17,3.33,3.41,1.84,2.07,1.81,2.95,4.09,4.06,2.62,2.83,2.46,25.48,17.49,49.39,48.85,64.36,63.98
2020-10-23,215.02999877929688,216.27999877929688,213.1600036621093,216.22999572753903,215.1697998046875,18879600,214.96,217.92,213.87,210.72,212.71,207.79,188.83,215.82,215.44,213.65,213.29,211.49,204.98,190.8,54.15,53.93,53.19,2.17,2.94,3.16,1.79,1.98,1.81,2.95,3.71,3.83,2.57,2.74,2.48,42.74,27.44,55.96,51.43,68.99,65.8
2020-10-26,213.8500061035156,216.33999633789065,208.1000061035156,210.0800018310547,209.04995727539065,37111600,214.13,216.79,213.9,210.87,212.74,208.06,189.08,213.91,214.61,213.39,213.09,211.44,205.08,190.99,35.11,45.66,49.5,0.52,2.14,2.63,1.22,1.73,1.69,1.2,2.87,3.31,1.9,2.46,2.36,13.94,27.39,18.17,41.17,47.76,60.37
2020-10-27,211.58999633789065,214.6699981689453,210.3300018310547,213.25,212.2044219970703,36700300,213.85,215.83,214.2,211.02,212.8,208.32,189.33,213.69,214.4,213.38,213.1,211.51,205.24,191.22,46.44,49.92,51.31,0.31,1.53,2.17,1.02,1.49,1.55,0.95,2.23,2.84,1.66,2.19,2.22,36.27,30.98,30.1,34.74,58.7,58.48
2020-10-28,207.6699981689453,208.83999633789065,202.1000061035156,202.67999267578125,201.6862335205078,51195600,211.43,214.01,213.82,210.94,212.62,208.46,189.53,210.02,212.6,212.59,212.42,211.16,205.19,191.33,27.66,38.95,45.67,-2.57,0.16,1.22,0.01,1.0,1.25,-2.16,0.77,1.84,0.42,1.6,1.86,3.8,18.0,2.51,16.93,21.85,42.77
2020-10-29,204.07000732421875,207.3600006103516,203.3699951171875,204.72000122070312,203.7162322998047,31432600,209.39,212.52,213.43,211.0,212.52,208.61,189.74,208.25,211.39,212.0,211.93,210.91,205.18,191.46,33.7,41.62,46.84,-3.75,-1.14,0.23,-0.61,0.46,0.87,-3.52,-0.66,0.77,-0.38,0.94,1.41,17.68,19.25,11.34,14.65,21.22,33.92
2020-10-30,203.5,204.2899932861328,199.6199951171875,202.47000122070312,201.477279663086,36953700,206.64,210.8,213.25,211.07,212.28,208.67,189.92,206.33,210.02,211.3,211.32,210.58,205.13,191.57,30.43,39.56,45.71,-4.97,-2.42,-0.81,-1.28,-0.12,0.44,-4.92,-2.08,-0.37,-1.23,0.22,0.88,17.05,12.84,11.14,8.33,12.57,18.55
2020-11-02,204.2899932861328,205.27999877929688,200.1199951171875,202.3300018310547,201.33795166015625,30842200,205.09,209.61,212.84,211.07,212.06,208.83,190.09,204.99,208.83,210.63,210.74,210.26,205.07,191.68,30.22,39.43,45.64,-5.64,-3.49,-1.78,-1.8,-0.68,-0.01,-5.77,-3.31,-1.45,-1.93,-0.5,0.32,16.21,16.98,11.02,11.17,12.03,15.27
2020-11-03,203.88999938964844,208.1199951171875,203.1199951171875,206.42999267578125,205.4178466796875,27512000,203.73,208.79,212.87,211.03,211.92,209.02,190.29,205.47,208.46,210.32,210.46,210.11,205.1,191.83,43.67,45.13,48.08,-4.85,-3.94,-2.39,-1.86,-1.07,-0.38,-5.05,-3.89,-2.17,-2.06,-1.02,-0.15,40.73,24.66,30.03,17.4,26.61,17.07
2020-11-04,214.0200042724609,218.32000732421875,212.4199981689453,216.38999938964844,215.3290100097656,42311800,206.47,208.95,213.2,211.56,211.92,209.29,190.55,209.11,209.68,210.77,210.84,210.35,205.32,192.07,63.57,55.98,53.36,-1.66,-3.18,-2.25,-1.09,-1.08,-0.52,-1.73,-3.17,-2.08,-1.16,-1.07,-0.36,89.68,48.87,73.94,38.33,65.53,34.72
2020-11-05,222.0399932861328,224.1199951171875,221.1499938964844,223.2899932861328,222.1951904296875,36080100,210.18,209.79,213.83,212.23,211.96,209.59,190.83,213.84,211.78,211.7,211.64,210.86,205.68,192.38,71.67,61.63,56.53,2.14,-1.41,-1.37,0.08,-0.69,-0.4,2.31,-1.34,-1.2,0.25,-0.63,-0.23,96.61,75.67,96.61,66.86,92.5,61.55
2020-11-06,222.259994506836,224.3600006103516,218.02999877929688,223.72000122070312,222.62307739257807,25231900,214.43,210.54,214.23,212.76,211.9,209.88,191.12,217.13,213.61,212.59,212.42,211.36,206.03,192.69,72.12,61.96,56.72,4.54,0.57,-0.19,1.02,-0.12,-0.12,4.92,0.74,0.02,1.4,0.05,0.09,97.41,94.57,97.41,89.32,94.18,84.07
2020-11-09,224.44000244140625,228.1199951171875,217.8800048828125,218.38999938964844,217.3192138671875,44395000,217.64,211.37,214.08,213.06,211.69,210.1,191.4,217.55,214.35,213.02,212.81,211.64,206.28,192.95,58.64,55.62,53.7,4.53,1.89,0.76,1.33,0.36,0.17,4.99,2.16,1.01,1.79,0.63,0.43,65.86,86.63,65.86,86.63,65.86,84.18
2020-11-10,214.5,216.5,209.72000122070312,211.009994506836,209.9753875732422,44045100,218.56,211.14,213.49,213.18,211.4,210.26,191.63,215.37,213.83,212.87,212.69,211.62,206.37,193.13,45.04,48.25,49.88,2.5,2.1,1.11,0.96,0.56,0.33,2.9,2.41,1.39,1.36,0.87,0.62,38.89,67.39,39.96,67.74,39.96,66.67
2020-11-11,212.38999938964844,218.0399932861328,212.1999969482422,216.5500030517578,215.4882354736328,29440800,218.59,212.53,213.27,213.39,211.19,210.42,191.87,215.76,214.25,213.14,212.94,211.81,206.57,193.36,54.32,53.25,52.51,2.62,2.27,1.41,1.11,0.74,0.49,3.06,2.62,1.73,1.55,1.1,0.8,53.72,52.82,59.4,55.07,59.4,55.07
2020-11-12,217.2100067138672,219.1100006103516,214.4600067138672,215.44000244140625,214.38368225097656,21593900,217.02,213.6,213.06,213.49,210.86,210.56,192.09,215.66,214.44,213.31,213.1,211.95,206.75,193.58,52.26,52.16,51.94,2.35,2.3,1.6,1.13,0.87,0.62,2.81,2.69,1.94,1.59,1.26,0.96,31.09,41.23,55.51,51.62,55.51,51.62
2020-11-13,216.3600006103516,217.4199981689453,214.1600036621093,216.509994506836,215.44842529296875,18621100,215.58,215.01,212.9,213.83,210.85,210.74,192.32,215.94,214.75,213.55,213.32,212.13,206.94,193.81,54.21,53.16,52.46,2.39,2.33,1.76,1.2,0.98,0.73,2.89,2.75,2.13,1.7,1.41,1.11,36.9,40.57,59.26,58.06,59.26,58.06
2020-11-16,214.8699951171875,217.7400054931641,214.5200042724609,217.22999572753903,216.16490173339844,24953300,215.35,216.5,213.05,214.06,210.91,210.91,192.53,216.37,215.14,213.82,213.57,212.33,207.15,194.04,55.64,53.85,52.81,2.55,2.4,1.91,1.32,1.09,0.85,3.09,2.87,2.32,1.86,1.56,1.26,40.82,36.27,61.79,58.85,61.79,58.85
2020-11-17,216.1000061035156,217.67999267578125,214.0800018310547,214.4600067138672,213.4084930419922,24154100,216.04,217.3,213.04,214.35,211.14,211.09,192.7,215.73,215.03,213.87,213.63,212.41,207.29,194.25,48.81,50.73,51.3,1.86,2.22,1.9,1.16,1.12,0.91,2.38,2.7,2.33,1.68,1.6,1.34,25.76,34.49,52.07,57.71,52.07,57.71
2020-11-18,213.6499938964844,215.1699981689453,210.92999267578125,211.0800018310547,210.594970703125,28372800,214.94,216.77,212.86,214.39,211.14,211.22,192.86,214.18,214.42,213.66,213.47,212.36,207.37,194.41,41.56,47.15,49.5,0.52,1.65,1.63,0.76,1.0,0.88,0.96,2.12,2.06,1.2,1.47,1.31,14.48,27.02,40.21,51.36,40.21,51.36
2020-11-19,211.3800048828125,213.02999877929688,209.92999267578125,212.4199981689453,211.931884765625,24792700,214.34,215.68,212.73,214.45,211.28,211.31,193.0,213.59,214.12,213.57,213.4,212.36,207.47,194.59,45.32,48.69,50.22,0.02,1.11,1.31,0.55,0.85,0.82,0.41,1.55,1.73,0.94,1.29,1.24,27.12,22.45,43.93,45.4,44.91,45.73
2020-11-20,212.1999969482422,213.2899932861328,210.0,210.38999938964844,209.90655517578125,22843100,213.12,214.35,212.44,214.27,211.41,211.37,193.14,212.53,213.54,213.34,213.21,212.29,207.52,194.75,40.69,46.47,49.13,-0.81,0.47,0.88,0.2,0.63,0.69,-0.49,0.87,1.29,0.52,1.03,1.1,5.01,15.54,29.08,37.74,37.79,40.97
2020-11-23,210.9499969482422,212.2899932861328,208.1600036621093,210.1100006103516,209.627197265625,25683500,211.69,213.52,212.44,213.89,211.5,211.41,193.24,211.72,213.01,213.1,213.01,212.2,207.58,194.9,40.03,46.16,48.97,-1.38,-0.15,0.43,-0.09,0.39,0.54,-1.14,0.2,0.8,0.15,0.74,0.91,20.35,17.49,9.77,27.59,36.81,39.84
2020-11-24,209.58999633789065,214.25,208.8600006103516,213.8600006103516,213.3685760498047,33979700,211.57,213.81,212.47,213.59,211.6,211.44,193.39,212.43,213.14,213.15,213.06,212.27,207.7,195.09,52.12,50.93,51.08,-0.72,-0.34,0.2,-0.01,0.26,0.43,-0.49,-0.03,0.54,0.22,0.57,0.77,59.5,28.29,28.56,22.47,49.96,41.52
2020-11-25,215.1100006103516,215.2899932861328,212.4600067138672,213.8699951171875,213.3785552978516,21012900,212.13,213.54,213.03,213.36,211.78,211.49,193.54,212.91,213.26,213.21,213.11,212.33,207.82,195.28,52.15,50.94,51.09,-0.3,-0.33,0.1,0.05,0.19,0.35,-0.06,-0.04,0.42,0.29,0.47,0.67,59.98,46.61,28.61,22.31,50.0,45.59
2020-11-27,214.8500061035156,216.2700042724609,214.0399932861328,215.22999572753903,214.7354278564453,14512200,212.69,213.52,213.56,213.21,212.03,211.52,193.69,213.69,213.56,213.36,213.25,212.44,207.97,195.48,56.48,52.7,51.86,0.33,-0.11,0.15,0.2,0.19,0.32,0.59,0.17,0.46,0.46,0.47,0.63,87.18,68.89,35.42,30.86,54.77,51.58
2020-11-30,214.1000061035156,214.759994506836,210.83999633789065,214.07000732421875,213.57809448242188,33064800,213.43,213.27,214.14,213.03,212.3,211.51,193.84,213.81,213.64,213.41,213.3,212.51,208.09,195.66,51.82,51.02,51.15,0.4,0.06,0.2,0.23,0.2,0.3,0.66,0.33,0.5,0.49,0.48,0.6,72.87,73.34,53.97,39.33,50.7,51.82
2020-12-01,214.509994506836,217.32000732421875,213.3500061035156,216.2100067138672,215.7131805419922,30931300,214.65,213.17,214.83,213.09,212.57,211.54,193.98,214.61,214.03,213.62,213.49,212.65,208.25,195.87,59.09,53.94,52.41,0.99,0.37,0.36,0.41,0.27,0.32,1.29,0.65,0.66,0.71,0.55,0.62,87.88,82.64,73.52,54.3,58.21,54.56
2020-12-02,214.8800048828125,215.47000122070312,212.8000030517578,215.3699951171875,214.87510681152344,23724500,214.95,213.26,215.28,213.12,212.73,211.62,194.12,214.86,214.24,213.75,213.61,212.76,208.39,196.06,55.27,52.61,51.86,1.11,0.62,0.51,0.49,0.35,0.36,1.43,0.91,0.81,0.81,0.64,0.66,78.71,79.82,65.84,64.44,55.26,54.72
2020-12-03,214.6100006103516,216.3800048828125,213.6499938964844,214.2400054931641,213.74771118164065,25120900,215.02,213.58,215.17,213.1,213.0,211.68,194.27,214.66,214.24,213.78,213.65,212.82,208.51,196.24,50.18,50.8,51.12,0.88,0.71,0.58,0.46,0.38,0.38,1.18,1.0,0.88,0.76,0.68,0.68,63.59,76.73,63.47,67.61,51.3,54.92
2020-12-04,214.22000122070312,215.3800048828125,213.17999267578125,214.3600006103516,213.867431640625,24666000,214.85,213.77,214.73,213.08,213.23,211.74,194.45,214.56,214.26,213.83,213.7,212.88,208.62,196.42,50.74,51.0,51.2,0.73,0.71,0.61,0.43,0.4,0.39,1.03,1.01,0.91,0.73,0.7,0.69,54.32,65.54,64.72,64.68,51.72,52.76
2020-12-07,214.3699951171875,215.5399932861328,212.9900054931641,214.2899932861328,213.79757690429688,24620000,214.89,214.16,214.25,213.01,213.36,211.85,194.67,214.47,214.26,213.86,213.74,212.93,208.74,196.6,50.35,50.87,51.15,0.61,0.68,0.61,0.4,0.4,0.39,0.9,0.97,0.91,0.69,0.69,0.69,53.24,57.05,64.39,64.19,51.47,51.5
2020-12-08,213.97000122070312,216.9499969482422,212.88999938964844,216.009994506836,215.5136260986328,23284100,214.85,214.75,214.14,213.21,213.49,211.98,194.91,214.98,214.53,214.02,213.88,213.05,208.88,196.79,59.25,53.87,52.3,0.96,0.77,0.68,0.51,0.44,0.41,1.27,1.07,0.98,0.82,0.74,0.72,79.78,62.45,85.7,71.6,57.51,53.57
2020-12-09,215.1600036621093,215.22999572753903,211.2100067138672,211.8000030517578,211.3133087158203,32440600,214.14,214.54,214.18,213.16,213.58,211.98,195.12,213.92,214.11,213.85,213.75,213.0,208.94,196.94,39.19,46.4,49.35,0.07,0.54,0.56,0.26,0.38,0.38,0.32,0.82,0.85,0.51,0.66,0.68,9.66,47.56,39.74,63.28,42.74,50.57
2020-12-10,211.7700042724609,213.0800018310547,210.3600006103516,210.5200042724609,210.0362548828125,26733300,213.4,214.21,213.87,213.43,213.58,212.0,195.38,212.79,213.56,213.61,213.54,212.91,208.97,197.08,34.99,44.39,48.48,-0.82,0.09,0.28,-0.05,0.24,0.3,-0.64,0.33,0.55,0.13,0.48,0.57,2.43,30.62,25.76,50.4,37.14,45.8
2020-12-11,210.0500030517578,213.32000732421875,209.1100006103516,213.259994506836,212.7699432373047,30979400,213.18,214.01,213.76,213.71,213.6,212.01,195.63,212.95,213.51,213.58,213.52,212.92,209.05,197.24,48.72,49.45,50.41,-0.63,-0.15,0.1,-0.07,0.13,0.22,-0.47,0.07,0.35,0.09,0.35,0.47,52.93,21.67,55.68,40.39,40.56,40.15
2020-12-14,213.1000061035156,216.2100067138672,212.8800048828125,214.1999969482422,213.70779418945312,28798400,213.16,214.03,213.65,214.1,213.76,212.13,195.84,213.36,213.62,213.63,213.57,212.97,209.16,197.41,52.72,51.09,51.06,-0.27,-0.19,0.03,-0.01,0.09,0.18,-0.1,0.01,0.26,0.16,0.29,0.41,64.92,40.09,63.12,48.19,30.26,35.99
2020-12-15,215.1699981689453,215.4199981689453,212.2400054931641,214.1300048828125,213.6379547119141,27018100,212.78,213.82,213.49,214.49,213.83,212.26,196.09,213.62,213.7,213.66,213.6,213.02,209.25,197.57,52.36,50.96,51.01,-0.04,-0.14,0.01,0.04,0.07,0.15,0.12,0.05,0.23,0.2,0.26,0.37,64.03,60.63,61.14,59.98,29.91,33.58
2020-12-16,214.75,220.1100006103516,214.72000122070312,219.27999877929688,218.776123046875,35023300,214.28,214.21,213.73,214.92,214.1,212.41,196.33,215.51,214.56,214.08,213.97,213.26,209.45,197.79,69.8,59.33,54.53,1.43,0.38,0.3,0.48,0.21,0.22,1.69,0.59,0.52,0.74,0.42,0.44,92.45,73.8,92.45,72.24,55.71,38.63
2020-12-17,219.8699951171875,220.88999938964844,217.9199981689453,219.4199981689453,218.91580200195312,32515800,216.06,214.73,214.15,215.02,214.29,212.59,196.6,216.81,215.3,214.48,214.32,213.5,209.65,198.0,70.15,59.54,54.62,2.33,1.03,0.7,0.82,0.41,0.34,2.68,1.29,0.95,1.17,0.67,0.59,87.52,81.33,87.52,80.37,56.41,47.34
2020-12-18,218.58999633789065,219.69000244140625,216.0200042724609,218.58999633789065,218.08770751953125,63354900,217.12,215.15,214.46,214.87,214.45,212.73,196.88,217.4,215.81,214.78,214.6,213.7,209.83,198.21,64.99,57.7,53.95,2.62,1.56,1.09,1.03,0.62,0.48,3.02,1.87,1.37,1.43,0.92,0.76,80.48,86.82,80.48,86.82,81.93,64.68
2020-12-21,217.5500030517578,224.0,217.27999877929688,222.58999633789065,222.07850646972656,37181900,218.8,215.98,215.07,214.83,214.59,212.92,197.24,219.13,216.85,215.36,215.11,214.05,210.08,198.45,75.23,63.53,56.61,3.77,2.3,1.62,1.49,0.91,0.68,4.29,2.67,1.95,2.01,1.29,1.01,90.53,86.18,90.53,86.18,91.1,76.48
2020-12-22,222.69000244140625,225.6300048828125,221.8500061035156,223.94000244140625,223.4254150390625,22612200,220.76,216.77,215.76,215.01,214.64,213.11,197.56,220.74,217.94,216.0,215.68,214.44,210.35,198.71,77.79,65.27,57.47,4.74,3.11,2.25,1.94,1.25,0.93,5.4,3.58,2.64,2.6,1.72,1.33,87.38,86.13,89.77,86.93,90.33,87.79
2020-12-23,223.1100006103516,223.5599975585937,220.8000030517578,221.0200042724609,220.5121307373047,18699600,221.11,217.7,216.12,215.35,214.6,213.15,197.9,220.83,218.42,216.37,216.03,214.7,210.57,198.93,61.71,58.75,55.02,4.46,3.56,2.69,2.05,1.52,1.15,5.17,4.11,3.15,2.76,2.07,1.61,65.57,81.16,72.09,84.13,73.61,85.01
2020-12-24,221.4199981689453,223.6100006103516,221.1999969482422,222.75,222.23814392089844,10550600,221.78,218.92,216.56,215.56,214.64,213.25,198.31,221.47,219.08,216.84,216.46,215.01,210.81,199.16,66.49,61.22,56.17,4.63,3.92,3.08,2.24,1.76,1.37,5.42,4.55,3.6,3.03,2.39,1.9,73.6,75.52,82.57,81.48,83.51,82.48
2020-12-28,224.4499969482422,226.02999877929688,223.0200042724609,224.9600067138672,224.4430694580078,17933500,223.05,220.09,217.05,215.87,214.75,213.37,198.64,222.63,219.99,217.44,217.01,215.4,211.09,199.42,71.76,64.17,57.6,5.19,4.34,3.5,2.55,2.02,1.61,6.08,5.06,4.1,3.44,2.74,2.2,89.31,76.16,93.68,82.78,94.01,83.71
2020-12-29,226.3099975585937,227.17999267578125,223.5800018310547,224.1499938964844,223.63491821289065,17403200,223.36,221.08,217.55,216.13,214.84,213.45,199.09,223.14,220.63,217.94,217.47,215.75,211.35,199.67,67.24,62.3,56.89,5.2,4.63,3.84,2.69,2.25,1.82,6.17,5.43,4.51,3.66,3.05,2.5,72.85,78.59,83.23,86.49,84.07,87.2
2020-12-30,225.22999572753903,225.6300048828125,221.47000122070312,221.67999267578125,221.17059326171875,20272300,222.91,221.84,217.83,216.28,214.99,213.54,199.46,222.65,220.79,218.22,217.74,215.98,211.55,199.89,54.94,56.85,54.77,4.43,4.56,3.96,2.57,2.35,1.97,5.42,5.43,4.69,3.56,3.22,2.71,44.44,68.87,69.56,82.16,71.08,83.05
2020-12-31,221.6999969482422,223.0,219.67999267578125,222.4199981689453,221.90890502929688,20942100,223.19,222.15,218.18,216.54,215.14,213.68,199.87,222.58,221.04,218.53,218.04,216.23,211.77,200.11,57.65,58.03,55.29,4.05,4.39,3.98,2.51,2.41,2.08,5.06,5.3,4.77,3.52,3.32,2.87,36.53,51.27,73.66,75.48,74.97,76.71
2021-01-04,222.52999877929688,223.0,214.8099975585937,217.69000244140625,217.1897735595703,37130100,222.18,221.98,218.35,216.76,215.2,213.82,200.25,220.95,220.53,218.47,218.02,216.29,211.88,200.29,39.81,48.81,51.38,2.48,3.75,3.68,2.06,2.29,2.08,3.42,4.68,4.5,3.0,3.21,2.9,23.28,34.75,36.48,59.9,50.11,65.39
2021-01-05,217.259994506836,218.5200042724609,215.6999969482422,217.8999938964844,217.3992919921875,23823000,220.77,221.91,218.53,216.94,215.26,213.91,200.65,219.93,220.12,218.42,218.01,216.35,212.0,200.46,40.76,49.19,51.54,1.51,3.01,3.24,1.7,2.09,2.0,2.38,3.91,4.07,2.57,3.0,2.83,24.98,28.26,37.88,49.34,49.34,58.14
2021-01-06,212.1699981689453,216.4900054931641,211.94000244140625,212.25,211.76226806640625,35930700,218.39,220.88,218.43,217.01,215.18,213.95,201.03,217.37,218.91,217.97,217.64,216.19,212.01,200.58,27.26,40.37,47.27,-0.6,1.8,2.47,0.94,1.71,1.79,0.12,2.65,3.28,1.66,2.55,2.6,2.03,16.76,2.03,25.46,17.38,38.94
2021-01-07,214.0399932861328,219.33999633789065,213.7100067138672,218.2899932861328,217.78839111328125,27694500,217.71,220.31,218.54,217.28,215.34,214.04,201.38,217.68,218.81,217.99,217.68,216.27,212.13,200.75,48.52,50.58,51.71,-0.31,1.1,1.92,0.82,1.41,1.6,0.37,1.89,2.7,1.5,2.2,2.38,41.67,22.89,41.67,27.19,50.8,39.17
2021-01-08,218.67999267578125,220.5800018310547,217.02999877929688,219.6199951171875,219.11534118652344,22956200,217.15,220.17,218.93,217.47,215.47,214.13,201.75,218.32,218.94,218.11,217.81,216.4,212.28,200.94,52.12,52.5,52.62,0.21,0.8,1.58,0.83,1.22,1.44,0.88,1.55,2.34,1.5,1.97,2.2,56.1,33.27,50.39,31.36,58.16,42.11
2021-01-11,218.47000122070312,218.9100036621093,216.72999572753903,217.4900054931641,216.990234375,23047000,217.11,219.64,219.28,217.59,215.77,214.19,202.05,218.05,218.72,218.06,217.79,216.45,212.38,201.11,46.1,49.19,51.02,-0.01,0.53,1.26,0.66,1.03,1.29,0.61,1.24,1.99,1.28,1.74,2.02,50.18,49.32,36.42,42.83,46.38,51.78
2021-01-12,216.5,217.1000061035156,213.32000732421875,214.92999267578125,214.4361114501953,23249300,216.52,218.64,219.37,217.58,215.97,214.25,202.38,217.01,218.13,217.83,217.6,216.39,212.43,201.24,39.68,45.48,49.16,-0.82,0.08,0.84,0.3,0.79,1.09,-0.29,0.73,1.53,0.83,1.44,1.78,27.03,44.44,19.62,35.48,32.21,45.58
2021-01-13,214.0200042724609,216.759994506836,213.92999267578125,216.33999633789065,215.84288024902344,20087100,217.33,217.86,219.47,217.66,216.25,214.26,202.66,216.79,217.86,217.72,217.52,216.39,212.51,201.39,44.63,47.82,50.2,-0.93,-0.26,0.49,0.14,0.57,0.9,-0.46,0.33,1.14,0.61,1.16,1.55,50.93,42.71,28.87,28.3,40.01,39.53
2021-01-14,215.9100036621093,217.4600067138672,212.7400054931641,213.0200042724609,212.530517578125,29480800,216.28,217.0,219.42,217.55,216.46,214.26,202.94,215.53,217.11,217.37,217.23,216.25,212.52,201.51,36.41,43.13,47.81,-1.84,-0.78,0.02,-0.26,0.29,0.67,-1.48,-0.27,0.61,0.1,0.81,1.26,12.5,30.15,7.09,18.53,21.64,31.29
2021-01-15,213.5200042724609,214.509994506836,212.02999877929688,212.6499938964844,212.16134643554688,31746500,214.89,216.02,219.08,217.46,216.59,214.25,203.24,214.57,216.43,217.02,216.93,216.11,212.52,201.62,35.56,42.63,47.55,-2.45,-1.34,-0.47,-0.59,-0.0,0.42,-2.2,-0.91,0.05,-0.34,0.42,0.94,7.25,23.56,4.66,13.54,19.59,27.08
2021-01-19,213.75,216.97999572753903,212.6300048828125,216.44000244140625,215.9426422119141,30480900,214.68,215.89,218.94,217.53,216.59,214.25,203.55,215.19,216.43,216.98,216.9,216.13,212.6,201.77,49.64,49.15,50.43,-1.79,-1.49,-0.74,-0.55,-0.18,0.22,-1.56,-1.13,-0.27,-0.32,0.18,0.69,51.58,23.78,29.53,13.76,40.56,27.26
2021-01-20,217.6999969482422,225.7899932861328,217.2899932861328,224.33999633789065,223.82449340820312,37777300,216.56,216.54,219.22,217.87,216.61,214.28,203.9,218.24,217.65,217.53,217.38,216.45,212.83,201.99,67.11,59.48,55.68,0.71,-0.76,-0.45,0.12,-0.08,0.2,1.06,-0.4,-0.01,0.47,0.27,0.64,89.46,49.43,89.53,41.24,84.28,48.14
2021-01-21,224.6999969482422,226.3000030517578,222.4199981689453,224.97000122070312,224.4530487060547,30749600,218.28,217.81,219.34,218.22,216.63,214.27,204.2,220.48,218.77,218.08,217.87,216.78,213.07,202.22,68.14,60.18,56.06,2.4,0.3,0.12,0.69,0.18,0.3,2.87,0.69,0.57,1.16,0.57,0.75,90.68,77.24,90.74,69.93,87.77,70.87
2021-01-22,227.0800018310547,230.07000732421875,225.8000030517578,225.9499969482422,225.4307861328125,30172700,220.87,218.57,219.44,218.55,216.79,214.24,204.51,222.31,219.88,218.66,218.39,217.14,213.33,202.46,69.85,61.29,56.67,3.65,1.41,0.83,1.22,0.52,0.48,4.24,1.87,1.3,1.81,0.98,0.96,77.16,85.77,77.28,85.85,80.34,84.13
2021-01-25,229.1199951171875,229.77999877929688,224.22000122070312,229.52999877929688,229.0025634765625,33152100,224.25,219.57,219.87,219.14,217.16,214.28,204.83,224.71,221.36,219.47,219.11,217.63,213.65,202.73,75.46,65.12,58.82,5.24,2.69,1.71,1.89,0.98,0.76,6.0,3.25,2.24,2.65,1.54,1.3,97.01,88.28,97.02,88.35,97.02,88.38
2021-01-26,231.8600006103516,234.17999267578125,230.0800018310547,232.3300018310547,231.796142578125,49169600,227.42,221.05,220.35,219.87,217.47,214.33,205.17,227.25,223.05,220.42,219.96,218.2,214.02,203.02,79.03,67.81,60.42,6.83,4.07,2.73,2.63,1.53,1.14,7.78,4.76,3.35,3.58,2.22,1.75,91.65,88.61,91.68,88.66,91.68,89.68
2021-01-27,238.0,240.44000244140625,230.13999938964844,232.8999938964844,232.3648223876953,69870600,229.14,222.85,220.74,220.53,217.82,214.34,205.5,229.14,224.56,221.34,220.8,218.78,214.39,203.32,79.73,68.34,60.74,7.8,5.31,3.75,3.22,2.09,1.55,8.93,6.15,4.47,4.35,2.93,2.27,72.89,87.18,73.46,87.39,73.54,87.41
2021-01-28,235.6100006103516,242.63999938964844,235.08999633789065,238.92999267578125,238.38096618652344,49111200,231.93,225.11,221.48,221.35,218.27,214.56,205.83,232.4,226.77,222.65,221.97,219.57,214.88,203.67,85.64,73.38,63.95,9.75,6.79,4.95,4.12,2.77,2.07,11.15,7.82,5.8,5.52,3.79,2.92,85.36,83.3,87.88,84.34,87.92,84.38
2021-01-29,235.9900054931641,238.0200042724609,231.3500061035156,231.9600067138672,231.426986694336,42468900,233.13,227.0,222.0,221.94,218.56,214.74,206.13,232.25,227.57,223.34,222.61,220.06,215.22,203.95,61.47,61.25,58.24,8.91,7.5,5.74,4.23,3.26,2.5,10.4,8.68,6.72,5.72,4.44,3.48,47.18,68.48,65.11,75.48,65.21,75.56
2021-02-01,235.0599975585937,242.5,232.42999267578125,239.6499938964844,239.09930419921875,33314200,235.15,229.7,222.86,222.62,219.07,215.11,206.44,234.72,229.43,224.54,223.71,220.82,215.7,204.31,71.74,67.61,62.11,10.18,8.39,6.63,4.89,3.8,2.98,11.88,9.75,7.75,6.59,5.15,4.1,83.77,72.1,90.23,81.07,90.26,81.13
2021-02-02,241.3000030517578,242.3099975585937,238.69000244140625,239.509994506836,238.95962524414065,25916300,236.59,232.01,223.95,223.29,219.64,215.39,206.75,236.32,230.98,225.65,224.73,221.56,216.17,204.66,71.33,67.39,62.0,10.67,9.15,7.44,5.33,4.31,3.45,12.56,10.68,8.72,7.22,5.84,4.73,83.01,71.32,89.77,81.7,89.8,81.76
2021-02-03,239.57000732421875,245.08999633789065,239.259994506836,243.0,242.44161987304688,27158100,238.61,233.87,225.2,224.11,220.25,215.76,207.09,238.54,232.83,226.94,225.91,222.4,216.7,205.04,75.36,69.98,63.64,11.6,9.97,8.27,5.89,4.84,3.94,13.71,11.69,9.71,8.0,6.56,5.38,86.08,84.29,93.68,91.23,93.7,91.25
2021-02-04,242.6600036621093,243.2400054931641,240.3699951171875,242.009994506836,241.45388793945312,25296100,239.23,235.58,226.69,224.75,220.88,216.14,207.46,239.7,234.24,228.05,226.95,223.17,217.2,205.41,72.01,68.32,62.85,11.65,10.53,8.95,6.19,5.29,4.39,13.92,12.43,10.56,8.46,7.19,6.0,79.4,82.83,90.68,91.38,90.71,91.4
2021-02-05,242.22999572753903,243.27999877929688,240.4199981689453,242.1999969482422,241.64344787597656,18043900,241.27,237.2,227.89,225.36,221.52,216.51,207.8,240.53,235.47,229.1,227.93,223.91,217.7,205.78,72.29,68.48,62.94,11.43,10.83,9.44,6.37,5.65,4.78,13.83,12.9,11.21,8.77,7.72,6.55,78.97,81.48,91.1,91.82,91.28,91.9
2021-02-08,243.1499938964844,243.67999267578125,240.8099975585937,242.47000122070312,241.912841796875,22211900,241.84,238.5,229.03,226.08,222.09,216.85,208.16,241.18,236.54,230.09,228.87,224.64,218.19,206.14,72.73,68.71,63.07,11.09,10.92,9.77,6.45,5.92,5.12,13.61,13.14,11.69,8.97,8.14,7.04,80.93,79.77,90.58,90.79,92.1,91.36
2021-02-09,241.8699951171875,244.759994506836,241.3800048828125,243.7700042724609,243.20985412597656,23565000,242.69,239.64,230.35,226.78,222.69,217.24,208.5,242.04,237.66,231.11,229.83,225.39,218.7,206.51,74.99,69.87,63.74,10.93,10.92,10.0,6.55,6.13,5.4,13.57,13.28,12.07,9.19,8.49,7.47,89.57,83.16,94.18,91.95,96.02,93.13
2021-02-10,245.0,245.9199981689453,240.88999938964844,242.82000732421875,242.2620391845703,22186700,242.65,240.63,231.74,227.37,223.24,217.64,208.85,242.3,238.45,231.97,230.67,226.07,219.17,206.88,70.04,67.89,62.88,10.33,10.72,10.07,6.48,6.24,5.62,13.03,13.2,12.26,9.18,8.72,7.81,57.12,75.87,85.71,90.16,90.88,93.0
2021-02-11,244.77999877929688,245.1499938964844,242.1499938964844,244.4900054931641,243.92819213867188,15742200,243.15,241.19,233.15,228.05,223.85,218.08,209.22,243.03,239.38,232.9,231.56,226.8,219.68,207.25,73.62,69.52,63.77,10.13,10.53,10.08,6.48,6.32,5.79,12.91,13.1,12.39,9.26,8.9,8.1,78.53,75.07,93.41,91.1,95.79,94.23
2021-02-12,243.92999267578125,245.3000030517578,242.72999572753903,244.9900054931641,244.4270477294922,16552000,243.71,242.49,234.75,228.83,224.43,218.5,209.56,243.68,240.24,233.8,232.43,227.51,220.18,207.63,74.67,70.01,64.03,9.88,10.31,10.04,6.44,6.36,5.92,12.74,12.98,12.46,9.3,9.03,8.34,83.24,72.96,94.13,91.08,97.26,94.64
2021-02-16,245.02999877929688,246.1300048828125,242.9199981689453,243.6999969482422,243.13999938964844,26728500,243.95,242.9,236.3,229.54,224.99,218.86,209.88,243.69,240.77,234.53,233.16,228.15,220.64,207.98,66.65,67.02,62.8,9.16,9.93,9.86,6.24,6.32,5.98,12.04,12.67,12.38,9.12,9.06,8.5,57.44,73.07,84.8,90.78,92.89,95.31
2021-02-17,241.32000732421875,244.3099975585937,240.94000244140625,244.1999969482422,244.1999969482422,21653500,244.04,243.36,237.69,230.42,225.59,219.3,210.23,243.86,241.3,235.25,233.87,228.77,221.11,208.35,68.2,67.6,63.08,8.61,9.49,9.61,6.05,6.23,6.0,11.51,12.28,12.2,8.95,9.02,8.59,63.72,68.13,86.94,88.62,94.34,94.83
2021-02-18,241.8000030517578,243.92999267578125,240.8600006103516,243.7899932861328,243.7899932861328,16925600,244.23,243.44,238.66,231.28,226.18,219.71,210.55,243.84,241.68,235.88,234.51,229.36,221.56,208.7,65.3,66.56,62.67,7.96,8.98,9.28,5.8,6.09,5.96,10.86,11.81,11.93,8.7,8.92,8.61,55.6,58.92,84.17,85.3,93.14,93.46
2021-02-19,243.75,243.8600006103516,240.17999267578125,240.97000122070312,240.97000122070312,25262600,243.53,243.34,239.46,232.24,226.72,220.04,210.85,242.88,241.57,236.26,234.92,229.82,221.94,209.02,48.72,59.81,59.9,6.62,8.19,8.75,5.31,5.83,5.83,9.45,11.02,11.44,8.14,8.66,8.52,13.28,44.2,62.34,77.82,84.87,90.78
2021-02-22,237.4199981689453,237.92999267578125,232.3999938964844,234.509994506836,234.509994506836,36446900,241.43,242.57,239.89,232.78,227.09,220.29,211.11,240.09,240.49,236.13,234.9,230.0,222.19,209.27,29.02,47.83,54.19,3.96,6.78,7.79,4.36,5.34,5.53,6.6,9.55,10.47,7.0,8.11,8.21,15.37,28.08,15.37,53.96,65.92,81.31
2021-02-23,230.3300018310547,234.8300018310547,228.72999572753903,233.2700042724609,233.2700042724609,30228700,239.35,241.65,240.07,233.24,227.52,220.55,211.36,237.82,239.38,235.91,234.79,230.13,222.41,209.51,26.61,45.93,53.18,1.91,5.16,6.62,3.47,4.72,5.12,4.34,7.81,9.24,5.9,7.37,7.75,26.09,18.25,26.09,34.6,62.29,71.03
2021-02-24,230.009994506836,235.1999969482422,229.0,234.5500030517578,234.5500030517578,26339700,237.42,240.73,240.18,233.81,228.0,220.79,211.61,236.73,238.63,235.81,234.78,230.3,222.65,209.76,33.28,48.21,54.09,0.92,3.75,5.48,2.82,4.08,4.66,3.19,6.27,8.03,5.09,6.61,7.22,33.45,24.97,33.45,24.97,66.04,64.75
2021-02-25,232.0800018310547,234.58999633789065,227.8800048828125,228.9900054931641,228.9900054931641,39542200,234.46,239.35,239.99,234.28,228.31,220.96,211.82,234.15,237.15,235.31,234.4,230.25,222.78,209.95,22.78,40.25,49.72,-1.16,2.11,4.15,1.84,3.34,4.1,0.87,4.47,6.6,3.87,5.7,6.55,6.76,22.1,6.08,21.87,49.74,59.36
2021-02-26,231.52999877929688,235.3699951171875,229.5399932861328,232.3800048828125,232.3800048828125,37811200,232.74,238.13,239.66,234.81,228.67,221.22,212.07,233.56,236.42,235.09,234.27,230.34,222.97,210.18,36.93,46.1,52.17,-1.53,0.9,3.01,1.33,2.67,3.54,0.33,3.09,5.35,3.19,4.86,5.88,28.04,22.75,24.66,21.4,58.96,58.25
2021-03-01,235.8999938964844,237.47000122070312,233.1499938964844,236.94000244140625,236.94000244140625,25324000,233.23,237.33,239.91,235.61,229.13,221.48,212.36,234.69,236.5,235.23,234.45,230.6,223.24,210.44,51.02,52.79,55.21,-0.54,0.42,2.3,1.27,2.2,3.09,1.25,2.48,4.53,3.06,4.26,5.31,56.7,30.5,49.64,26.79,68.13,58.94
2021-03-02,237.009994506836,237.3000030517578,233.4499969482422,233.8699951171875,233.8699951171875,22785500,233.35,236.35,239.62,236.31,229.42,221.76,212.63,234.41,236.09,235.13,234.41,230.72,223.45,210.67,43.4,48.43,52.86,-0.72,0.04,1.7,0.96,1.79,2.66,0.95,1.97,3.81,2.63,3.72,4.78,59.6,48.11,32.82,35.71,48.29,58.46
2021-03-03,232.1600036621093,233.5800018310547,227.259994506836,227.5599975585937,227.5599975585937,33950400,231.95,234.68,239.02,236.69,229.59,221.94,212.85,232.13,234.78,234.57,233.97,230.6,223.54,210.84,31.96,40.94,48.47,-2.44,-0.79,0.87,0.21,1.26,2.17,-1.0,0.98,2.85,1.65,3.03,4.15,2.94,39.75,1.59,28.02,15.24,43.89
2021-03-04,226.7400054931641,232.4900054931641,224.259994506836,226.72999572753903,226.72999572753903,44584200,231.5,232.98,238.21,236.76,229.75,222.1,213.06,230.33,233.54,233.99,233.5,230.45,223.6,211.0,30.72,40.07,47.93,-3.66,-1.75,-0.04,-0.45,0.69,1.65,-2.45,-0.16,1.79,0.76,2.27,3.47,18.7,27.08,11.29,15.23,11.46,25.0
2021-03-05,229.5200042724609,233.2700042724609,226.4600067138672,231.6000061035156,231.6000061035156,41842100,231.34,232.04,237.69,236.99,229.93,222.26,213.3,230.75,233.24,233.81,233.38,230.49,223.76,211.21,45.28,47.21,51.25,-3.06,-2.18,-0.64,-0.57,0.27,1.2,-1.96,-0.76,1.04,0.53,1.69,2.88,55.56,25.73,33.56,15.48,33.56,20.09
2021-03-08,231.3699951171875,233.3699951171875,227.1300048828125,227.38999938964844,227.38999938964844,35245900,229.43,231.33,236.95,237.03,230.0,222.32,213.5,229.63,232.34,233.33,232.99,230.37,223.83,211.37,37.36,42.49,48.48,-3.7,-2.69,-1.25,-0.99,-0.15,0.77,-2.79,-1.44,0.27,-0.08,1.1,2.29,23.69,32.65,15.61,20.15,14.31,19.78
2021-03-09,232.8800048828125,235.3800048828125,231.6699981689453,233.77999877929688,233.77999877929688,33034000,229.41,231.38,236.52,237.18,230.25,222.43,213.76,231.01,232.56,233.37,233.04,230.5,224.03,211.59,52.17,50.57,52.52,-2.36,-2.58,-1.47,-0.81,-0.37,0.45,-1.48,-1.45,-0.08,0.07,0.76,1.85,72.07,50.44,48.4,32.52,43.53,30.47
2021-03-10,237.0,237.0,232.0399932861328,232.4199981689453,232.4199981689453,29733000,230.38,231.17,235.95,237.18,230.45,222.54,214.0,231.48,232.54,233.3,233.0,230.58,224.19,211.8,49.28,48.99,51.63,-1.82,-2.33,-1.54,-0.76,-0.5,0.21,-1.01,-1.3,-0.26,0.05,0.52,1.49,62.58,52.78,41.63,35.21,37.31,31.72
2021-03-11,234.9600067138672,239.1699981689453,234.3099975585937,237.1300048828125,237.1300048828125,29896000,232.46,231.98,235.66,237.32,230.69,222.72,214.28,233.37,233.25,233.58,233.27,230.84,224.45,212.05,58.57,54.31,54.41,-0.21,-1.62,-1.28,-0.33,-0.44,0.1,0.62,-0.66,-0.09,0.5,0.51,1.29,86.32,73.66,86.32,58.78,58.85,46.56
2021-03-12,234.009994506836,235.82000732421875,233.22999572753903,235.75,235.75,22647900,233.29,232.32,235.23,237.21,230.92,222.88,214.55,234.16,233.63,233.74,233.43,231.03,224.67,212.28,55.12,52.58,53.48,0.42,-0.94,-0.94,-0.11,-0.33,0.06,1.25,-0.03,0.18,0.72,0.58,1.18,77.06,75.32,77.06,68.34,52.54,49.57
2021-03-15,234.9600067138672,235.19000244140625,231.8099975585937,234.8099975585937,234.8099975585937,26034900,234.78,232.1,234.72,237.31,231.18,223.09,214.82,234.38,233.81,233.82,233.52,231.18,224.87,212.51,52.65,51.38,52.84,0.56,-0.44,-0.64,-0.01,-0.22,0.04,1.36,0.44,0.42,0.79,0.65,1.1,65.7,76.36,70.76,78.05,48.24,53.21
2021-03-16,236.27999877929688,240.0599975585937,235.94000244140625,237.7100067138672,237.7100067138672,27717700,235.56,232.49,234.42,237.24,231.49,223.32,215.09,235.49,234.41,234.11,233.79,231.43,225.13,212.76,59.22,54.8,54.58,1.38,0.17,-0.23,0.3,-0.05,0.1,2.21,1.03,0.78,1.13,0.81,1.11,81.83,74.86,85.13,77.65,61.5,54.09
2021-03-17,236.1499938964844,238.5500030517578,233.22999572753903,237.0399932861328,237.0399932861328,29500700,236.49,233.44,234.06,237.16,231.88,223.54,215.36,236.01,234.82,234.33,234.0,231.65,225.36,213.0,57.08,53.86,54.1,1.68,0.67,0.15,0.49,0.13,0.17,2.52,1.53,1.12,1.33,0.98,1.15,64.0,70.51,80.89,78.93,58.44,56.06
2021-03-18,232.5599975585937,234.19000244140625,230.3300018310547,230.72000122070312,230.72000122070312,34833000,235.21,233.83,233.41,236.75,232.13,223.7,215.59,234.24,234.19,234.06,233.79,231.62,225.47,213.18,40.88,45.84,49.82,0.18,0.51,0.15,0.13,0.13,0.17,0.91,1.32,1.08,0.86,0.94,1.09,4.01,49.95,40.89,68.97,29.54,49.83
2021-03-19,231.0200042724609,232.47000122070312,229.3500061035156,230.3500061035156,230.3500061035156,46410700,234.13,233.71,232.88,236.36,232.5,223.84,215.81,232.95,233.6,233.78,233.56,231.57,225.57,213.35,40.1,45.41,49.58,-0.83,0.06,-0.04,-0.18,0.03,0.1,-0.22,0.81,0.82,0.43,0.77,0.96,9.34,25.78,38.54,53.44,27.85,38.61
2021-03-22,230.2700042724609,236.8999938964844,230.13999938964844,235.9900054931641,235.9900054931641,30127000,234.36,234.57,232.95,236.16,232.85,224.1,216.08,233.96,233.96,233.95,233.72,231.74,225.77,213.57,55.24,52.64,53.12,0.01,0.04,-0.03,0.01,0.02,0.08,0.63,0.75,0.78,0.63,0.72,0.89,62.0,25.12,74.24,51.22,53.64,37.01
